0.029661178588867188,b'\x85',b'\x05',b'\x00',b'\x05',b'v',b'p',b'J',b'\xc3',b'\x9d',b'\xcb'
0.517108678817749,b'\x80',b'\x03',b'\x00',b'\x01',b'\x01',b'1'
0.7172915935516357,b'\x80',b'\x04',b'\x00',b'\x02',b'\x00',b'/',b'a'
0.8207011222839355,b'\x80',b'\x05',b'\x00',b'\x06',b'\x80',b'&',b'\x00',b'\x1b',b'\x00',b'\x00',b'\xf8'
0.9261605739593506,b'\x81',b'\x05',b'\x00',b'\x05',b'\x89',b't',b'q',b'v',b'g',b'\x82'
1.0300047397613525,b'\x85',b'\x05',b'\x00',b'\x05',b'\xab',b'\x0e',b'\xed',b'\\',b'a',b'\x9e'
1.2168481349945068,b'\x85',b'\x02',b'\x00',b'\x01',b'M',b'\x81'
1.516848087310791,b'\x80',b'\x03',b'\x00',b'\x01',b'\x01',b'1'
1.71722412109375,b'\x80',b'\x04',b'\x00',b'\x02',b'\x00',b'/',b'a'
1.8214390277862549,b'\x80',b'\x05',b'\x00',b'\x06',b'\x80',b'(',b'\x00',b'\x18',b'\x00',b'\x00',b'\xf7'
1.925926923751831,b'\x81',b'\x05',b'\x00',b'\x05',b'\\',b'\x8c',b'\xe9',b'\x1a',b'\xfa',b'\x1c'
2.0309104919433594,b'\x85',b'\x05',b'\x00',b'\x05',b'\xca',b'\x88',b'\x87',b'z',b'd',b'\xf2'
2.2167415618896484,b'\x81',b'\x02',b'\x00',b'\x01',b'\x11',b'A'
2.4176976680755615,b'\x80',b'\x02',b'\x00',b'\x01',b'\x02',b'1'
2.521048069000244,b'\x80',b'\x03',b'\x00',b'\x01',b'\x03',b'3'
2.7179884910583496,b'\x80',b'\x04',b'\x00',b'\x02',b'\x00',b'/',b'a'
2.8229315280914307,b'\x80',b'\x05',b'\x00',b'\x06',b'\x80',b'&',b'\x00',b'\x1a',b'\x00',b'\x00',b'\xf7'
2.9262917041778564,b'\x81',b'\x05',b'\x00',b'\x05',b'\xd0',b'\xcc',b'\xc1',b'\x87'
3.030993700027466,b'\x85',b'\x05',b'\x00',b'\x05',b'o',b'\x81',b'\x88',b'\x8c',b'(',b'g'
3.417907476425171,b'\x80',b'\x02',b'\x00',b'\x01',b'\x01',b'0'
3.5215227603912354,b'\x80',b'\x03',b'\x00',b'\x01',b'\x01',b'1'
3.718055486679077,b'\x80',b'\x04',b'\x00',b'\x02',b'\x00',b'/',b'a'
3.822021007537842,b'\x80',b'\x05',b'\x00',b'\x06',b'\x80',"b""'""",b'\x00',b'\x18',b'\x00',b'\x00',b'\xf6'
3.9270920753479004,b'\x81',b'\x05',b'\x00',b'\x05',b'j',b'\xa7',b'\xbc',b'\xa0',b'\x84',b'('
4.030057430267334,b'\x85',b'\x05',b'\x00',b'\x05',b'\xe8',b'*',b's',b'\xa5',"b','",b'\x91'
4.217739820480347,b'\x85',b'\x02',b'\x00',b'\x01',b'M',b'\x81'
4.5180816650390625,b'\x80',b'\x03',b'\x00',b'\x01',b'\x01',b'1'
4.7179834842681885,b'\x80',b'\x04',b'\x00',b'\x02',b'\x00',b'/',b'a'
4.8229146003723145,b'\x80',b'\x05',b'\x00',b'\x06',b'\x80',b'!',b'\x00',b' ',b'\x00',b'\x00',b'\xf8'
4.926705360412598,b'\x81',b'\x05',b'\x00',b'\x05',b'\x82',b'\x80',b'q',b'j',b'|',b'\x90'
5.031978368759155,b'\x85',b'\x05',b'\x00',b'\x05',b'\xe9',b' ',b'\xee',b'\x9d',b'f',b'5'
5.222820043563843,b'\x81',b'\x02',b'\x00',b'\x01',b'\x11',b'A'
5.537940263748169,b'\x80',b'\x03',b'\x00',b'\x01',b'\x01',b'1'
5.718925714492798,b'\x80',b'\x04',b'\x00',b'\x02',b'\x00',b'/',b'a'
5.824934482574463,b'\x80',b'\x05',b'\x00',b'\x06',b'\x80',b'#',b'\x00',b'\x1e',b'\x00',b'\x00',b'\xf8'
5.933928966522217,b'\x81',b'\x05',b'\x00',b'\x05',b'\x92',b'\x83',b'>',b'\xf7',b'\xf4',b'u'
6.044944524765015,b'\x85',b'\x05',b'\x00',b'\x05',b'\x93',b'\xa8',b'\xb8',b'\xc2',b'\xb1',b'\xa1'
6.422939300537109,b'\x80',b'\x02',b'\x00',b'\x01',b'\x02',b'1'
6.5339272022247314,b'\x80',b'\x03',b'\x00',b'\x01',b'\x06',b'6'
6.721935272216797,b'\x80',b'\x04',b'\x00',b'\x02',b'\x00',b'/',b'a'
6.8239665031433105,b'\x80',b'\x05',b'\x00',b'\x06',b'\x80',"b""'""",b'\x00',b'\x18',b'\x00',b'\x00',b'\xf6'
6.950927257537842,b'\x81',b'\x05',b'\x00',b'\x05',b':',b'\x85',b'\xa1',b'\xac',b'\xcd',b'\x10'
7.045925140380859,b'\x85',b'\x05',b'\x00',b'\x05',b'\x99',b'\x7f',b'\\',b'\xa8',b'\x91',b'\xe8'
7.218966960906982,b'\x85',b'\x02',b'\x00',b'\x01',b'J',b'~'
7.41977071762085,b'\x80',b'\x02',b'\x00',b'\x01',b'\x01',b'0'
7.524001598358154,b'\x80',b'\x03',b'\x00',b'\x01',b'\x01',b'1'
7.719971179962158,b'\x80',b'\x04',b'\x00',b'\x02',b'\x00',b'/',b'a'
7.82296895980835,b'\x01',b'\x01',b'\x00',b'\x01',b'\x0f',b'\xbe'
7.928416728973389,b'\x80',b'\x05',b'\x00',b'\x06',b'\x80',b'&',b'\x00',b'\x1b',b'\x00',b'\x00',b'\xf8'
8.032962322235107,b'\x81',b'\x05',b'\x00',b'\x05',b'\xd8',b'\x9c',b'C',b'.',b'o',b'\x8b'
8.136829376220703,b'\x85',b'\x05',b'\x00',b'\x05',b'o',b' ',b'\x8c',b'K',b'\xe2',b'\x83'
8.241146564483643,b'\x81',b'\x02',b'\x00',b'\x01',b'\x12',b'B'
8.420229196548462,b'\x80',b'\x02',b'\x00',b'\x01',b'\x02',b'1'
8.524122953414917,b'\x80',b'\x03',b'\x00',b'\x01',b'/',b'_'
8.719732522964478,b'\x80',b'\x04',b'\x00',b'\x02',b'\x00',b'/',b'a'
8.825182676315308,b'\x80',b'\x05',b'\x00',b'\x06',b'\x80',b'!',b'\x00',b'!',b'\x00',b'\x00',b'\xf9'
8.928718090057373,b'\x81',b'\x05',b'\x00',b'\x05',b'\xb9',b'\xcb',b'\xae',b'\x88',b'e',b'V'
9.033725023269653,b'\x85',b'\x05',b'\x00',b'\x05',b'\xf7',b'~',b'\x17',b'\xdb',b'\x0c',b'\xae'
9.519527196884155,b'\x80',b'\x03',b'\x00',b'\x01',b'\r',b'='
9.721181392669678,b'\x80',b'\x04',b'\x00',b'\x02',b'\x00',b'/',b'a'
9.826068639755249,b'\x80',b'\x05',b'\x00',b'\x06',b'\x80',b'%',b'\x00',b'\x1c',b'\x00',b'\x00',b'\xf8'
9.929715394973755,b'\x81',b'\x05',b'\x00',b'\x05',b'O',b'[',b'\x8d',b'\xbe',b'\xc6',b'\xf2'
10.033982038497925,b'\x85',b'\x05',b'\x00',b'\x05',b'\xa9',b'A',b'\x1e',b'?',b'O',b'\xd1'
10.22096300125122,b'\x85',b'\x02',b'\x00',b'\x01',b'F',b'z'
10.420819282531738,b'\x80',b'\x02',b'\x00',b'\x01',b'\x01',b'0'
10.52504563331604,b'\x80',b'\x03',b'\x00',b'\x01',b'\x02',b'2'
10.720970869064331,b'\x80',b'\x04',b'\x00',b'\x02',b'\x00',b'/',b'a'
10.826194524765015,b'\x80',b'\x05',b'\x00',b'\x06',b'\x80',b'$',b'\x00',b'\x1d',b'\x00',b'\x00',b'\xf8'
10.929961204528809,b'\x81',b'\x05',b'\x00',b'\x05',b'\xa9',b'\x82',b'a',b'G',b'G',b'Q'
11.034998178482056,b'\x85',b'\x05',b'\x00',b'\x05',b'\xbf',b'}',b'G',b'\x87',b'f',b'\xab'
11.220954656600952,b'\x81',b'\x02',b'\x00',b'\x01',b'\x12',b'B'
11.420721530914307,b'\x80',b'\x02',b'\x00',b'\x01',b'\x02',b'1'
11.526072025299072,b'\x80',b'\x03',b'\x00',b'\x01',b'\x01',b'1'
11.722059965133667,b'\x80',b'\x04',b'\x00',b'\x02',b'\x00',b'/',b'a'
11.82645583152771,b'\x80',b'\x05',b'\x00',b'\x06',b'\x80',b'$',b'\x00',b'\x1e',b'\x00',b'\x00',b'\xf9'
11.93039608001709,b'\x81',b'\x05',b'\x00',b'\x05',b'_',b'l',b'`',b'd',b'\x9c',b'b'
12.035787343978882,b'\x85',b'\x05',b'\x00',b'\x05',b'\x8b',b'J',b'\xb1',b'/',b'g',b'W'
12.52195954322815,b'\x80',b'\x03',b'\x00',b'\x01',b'\x02',b'2'
12.721779346466064,b'\x80',b'\x04',b'\x00',b'\x02',b'\x00',b'/',b'a'
12.827069282531738,b'\x80',b'\x05',b'\x00',b'\x06',b'\x80',b'&',b'\x00',b'\x1b',b'\x00',b'\x00',b'\xf8'
12.930812120437622,b'\x81',b'\x05',b'\x00',b'\x05',b'\xe3',b'\xfe',b'\xee',b'\xdb',b'\xd4',b'\xb5'
13.034637689590454,b'\x85',b'\x05',b'\x00',b'\x05',b'\xe3',b'\xda',b'j',b'Y',b'\xc5'
13.221631288528442,b'\x85',b'\x02',b'\x00',b'\x01',b'C',b'w'
13.521901369094849,b'\x80',b'\x03',b'\x00',b'\x01',b'\x05',b'5'
13.72246527671814,b'\x80',b'\x04',b'\x00',b'\x02',b'\x00',b'/',b'a'
13.826884031295776,b'\x80',b'\x05',b'\x00',b'\x06',b'\x80',b'#',b'\x00',b'\x1e',b'\x00',b'\x00',b'\xf8'
13.930909395217896,b'\x81',b'\x05',b'\x00',b'\x05',b'\xc5',b'\xa6',b'z',b'[',b'c',b'\xda'
14.035650253295898,b'\x85',b'\x05',b'\x00',b'\x05',b'o',b'\\',b'm',b'\x17',b';',b'\xc5'
14.222323417663574,b'\x81',b'\x02',b'\x00',b'\x01',b'\x13',b'C'
14.422957181930542,b'\x80',b'\x02',b'\x00',b'\x01',b'\x01',b'0'
14.526958703994751,b'\x80',b'\x03',b'\x00',b'\x01',b'\x03',b'3'
14.723209857940674,b'\x80',b'\x04',b'\x00',b'\x02',b'\x00',b'/',b'a'
14.839032173156738,b'\x80',b'\x05',b'\x00',b'\x06',b'\x80',b'%',b'\x00',b'\x1c',b'\x00',b'\x00',b'\xf8'
14.940094232559204,b'\x81',b'\x05',b'\x00',b'\x05',b'\x88',b'\x9f',b'\x93',b'\x8f',b'\xab',b'+'
15.043089866638184,b'\x85',b'\x05',b'\x00',b'\x05',b'\xb6',b'\xd8',b'\x11',b'\xc8',b'\x9f',b'A'
15.422527074813843,b'\x80',b'\x02',b'\x00',b'\x01',b'\x02',b'1'
15.527047634124756,b'\x80',b'\x03',b'\x00',b'\x01',b'\x04',b'4'
15.724087238311768,b'\x80',b'\x04',b'\x00',b'\x02',b'\x00',b'/',b'a'
15.828034400939941,b'\x80',b'\x05',b'\x00',b'\x06',b'\x80',b' ',b'\x00',b'!',b'\x00',b'\x00',b'\xf8'
15.933139324188232,b'\x81',b'\x05',b'\x00',b'\x05',b'\xb9',b'\x91',b'\\',b'U',b'd',b'\x96'
16.036927700042725,b'\x85',b'\x05',b'\x00',b'\x05',b'r',b'\x7f',b'\xa8',b'\xbe',b'\xc3',b'U'
16.223727464675903,b'\x85',b'\x02',b'\x00',b'\x01',b'D',b'x'
16.423118591308594,b'\x80',b'\x02',b'\x00',b'\x01',b'\x01',b'0'
16.527443408966064,b'\x80',b'\x03',b'\x00',b'\x01',b'\x04',b'4'
16.72402000427246,b'\x80',b'\x04',b'\x00',b'\x02',b'\x00',b'/',b'a'
16.82795763015747,b'\x80',b'\x05',b'\x00',b'\x06',b'\x80',b' ',b'\x00',b'!',b'\x00',b'\x00',b'\xf8'
16.933122158050537,b'\x81',b'\x05',b'\x00',b'\x05',b'P',b'*',b'7',b'\x89',b'\xe1',b'R'
17.036934852600098,b'\x85',b'\x05',b'\x00',b'\x05',b'f',b'\xf7',b']',b'\x90',b'\xb3',b'8'
17.223981142044067,b'\x81',b'\x02',b'\x00',b'\x01',b'\x11',b'A'
17.524240255355835,b'\x80',b'\x03',b'\x00',b'\x01',b'\x01',b'1'
17.723504066467285,b'\x80',b'\x04',b'\x00',b'\x02',b'\x00',b'/',b'a'
17.82848572731018,b'\x80',b'\x05',b'\x00',b'\x06',b'\x80',"b""'""",b'\x00',b'\x19',b'\x00',b'\x00',b'\xf7'
17.932902574539185,b'\x81',b'\x05',b'\x00',b'\x05',b'\xfb',b'\xd1',b'\x90',b'k',b'|',b'z'
18.03802251815796,b'\x85',b'\x05',b'\x00',b'\x05',b'\x8e',b'\x86',b'm',b'v',b'n',b'\xa0'
18.52332830429077,b'\x80',b'\x03',b'\x00',b'\x01',b'\x01',b'1'
18.72499656677246,b'\x80',b'\x04',b'\x00',b'\x02',b'\x00',b'/',b'a'
18.829638719558716,b'\x80',b'\x05',b'\x00',b'\x06',b'\x80',"b""'""",b'\x00',b'\x18',b'\x00',b'\x00',b'\xf6'
18.93333911895752,b'\x81',b'\x05',b'\x00',b'\x05',b'\xaf',b'\xcb',b'\xa5'
19.037657976150513,b'\x85',b'\x05',b'\x00',b'\x05',b'\x8c',b'\xc7',b'\xb2',b'\x9e',b'\x9b',b'y'
19.224622011184692,b'\x85',b'\x02',b'\x00',b'\x01',b'G',b'{'
19.524624586105347,b'\x80',b'\x03',b'\x00',b'\x01',b'\x02',b'2'
19.72444462776184,b'\x80',b'\x04',b'\x00',b'\x02',b'\x00',b'/',b'a'
19.828920125961304,b'\x80',b'\x05',b'\x00',b'\x06',b'\x80',b'&',b'\x00',b'\x1b',b'\x00',b'\x00',b'\xf8'
19.933300018310547,b'\x81',b'\x05',b'\x00',b'\x05',b'A',b'\x7f',b'\x9e',b'\x92',b'{',b'\xa2'
20.037623405456543,b'\x85',b'\x05',b'\x00',b'\x05',b'e',b'\x88',b'k',b'c',b'\x9a',b'\x90'
20.224942207336426,b'\x81',b'\x02',b'\x00',b'\x01',b'\x0f',b'?'
20.52516508102417,b'\x80',b'\x03',b'\x00',b'\x01',b'\x01',b'1'
20.725043535232544,b'\x80',b'\x04',b'\x00',b'\x02',b'\x00',b'/',b'a'
20.82995343208313,b'\x80',b'\x05',b'\x00',b'\x06',b'\x80',b'&',b'\x00',b'\x1b',b'\x00',b'\x00',b'\xf8'
20.93422818183899,b'\x81',b'\x05',b'\x00',b'\x05',b'p',b'l',b's',b'\x8d',b'\xae',b'\xc1'
21.0387020111084,b'\x85',b'\x05',b'\x00',b'\x05',b'\xf6',b'\xf2',b'\xcd',b'\xbc',b'\xa7',b'S'
21.52498769760132,b'\x80',b'\x03',b'\x00',b'\x01',b'\x01',b'1'
21.72623085975647,b'\x80',b'\x04',b'\x00',b'\x02',b'\x00',b'/',b'a'
21.830799341201782,b'\x80',b'\x05',b'\x00',b'\x06',b'\x80',b'&',b'\x00',b'\x1b',b'\x00',b'\x00',b'\xf8'
21.934581518173218,b'\x81',b'\x05',b'\x00',b'\x05',b'\xb7',b'\xa1',b'\x84',b'u',b'i',b'\xf1'
22.038607120513916,b'\x85',b'\x05',b'\x00',b'\x05',b'z',b'f',b'\xa9',b'\xd8',b'\xb7',b'S'
22.22549557685852,b'\x85',b'\x02',b'\x00',b'\x01',b'M',b'\x81'
22.525460481643677,b'\x80',b'\x03',b'\x00',b'\x01',b'\x01',b'1'
22.725351095199585,b'\x80',b'\x04',b'\x00',b'\x02',b'\x00',b'/',b'a'
22.830454349517822,b'\x80',b'\x05',b'\x00',b'\x06',b'\x80',b'*',b'\x00',b'\x14',b'\x00',b'\x00',b'\xf5'
22.9353129863739,b'\x81',b'\x05',b'\x00',b'\x05',b'^',b'i',b'\x9a',b'\xd2',b'\xe7',b'Q'
23.038976192474365,b'\x85',b'\x05',b'\x00',b'\x05',b'\x9d',b'\x80',b'G',b'F',b'-',b'\x12'
23.226186513900757,b'\x81',b'\x02',b'\x00',b'\x01',b'\r',b'='
23.525892734527588,b'\x80',b'\x03',b'\x00',b'\x01',b'\x01',b'1'
23.72622036933899,b'\x80',b'\x04',b'\x00',b'\x02',b'\x00',b'/',b'a'
23.830950498580933,b'\x80',b'\x05',b'\x00',b'\x06',b'\x80',b'&',b'\x00',b'\x1b',b'\x00',b'\x00',b'\xf8'
23.93455958366394,b'\x81',b'\x05',b'\x00',b'\x05',b'\xd3',b'\xaa',b'\x80',b'g',b'r',b'\r'
24.04000234603882,b'\x85',b'\x05',b'\x00',b'\x05',b'W',b'[',b'q',b'r',b'\x8d',b']'
24.52599811553955,b'\x80',b'\x03',b'\x00',b'\x01',b'\x01',b'1'
24.726701736450195,b'\x80',b'\x04',b'\x00',b'\x02',b'\x00',b'/',b'a'
24.83211374282837,b'\x80',b'\x05',b'\x00',b'\x06',b'\x80',b'$',b'\x00',b'\x1e',b'\x00',b'\x00',b'\xf9'
24.936102390289307,b'\x81',b'\x05',b'\x00',b'\x05',b'\x9d',b'\xc2',b'\xbf',b'\x9b',b'p',b'`'
25.039745807647705,b'\x85',b'\x05',b'\x00',b'\x05',b'|',b'\x8d',b'\x99',b'\xa0',b'J',b'\xc7'
25.227177143096924,b'\x85',b'\x02',b'\x00',b'\x01',b'R',b'\x86'
25.526910066604614,b'\x80',b'\x03',b'\x00',b'\x01',b'\x01',b'1'
25.72691822052002,b'\x80',b'\x04',b'\x00',b'\x02',b'\x00',b'/',b'a'
25.830981016159058,b'\x80',b'\x05',b'\x00',b'\x06',b'\x80',"b""'""",b'\x00',b'\x18',b'\x00',b'\x00',b'\xf6'
25.93534517288208,b'\x81',b'\x05',b'\x00',b'\x05',b'O',b':',b'<',b'S',b'k',b'\xba'
26.039015293121338,b'\x85',b'\x05',b'\x00',b'\x05',b'\xa3',b'\x9f',b'}',b'\x97',b'\x7f',b'\x10'
26.227200031280518,b'\x81',b'\x02',b'\x00',b'\x01',b'\x0c',b'<'
26.426944494247437,b'\x80',b'\x02',b'\x00',b'\x01',b'\x02',b'1'
26.53097438812256,b'\x80',b'\x03',b'\x00',b'\x01',b'\x02',b'2'
26.72727131843567,b'\x80',b'\x04',b'\x00',b'\x02',b'\x00',b'/',b'a'
26.831811666488647,b'\x80',b'\x05',b'\x00',b'\x06',b'\x80',"b""'""",b'\x00',b'\x19',b'\x00',b'\x00',b'\xf7'
26.935712575912476,b'\x81',b'\x05',b'\x00',b'\x05',b'u',b't',b'y',b'\x8a',b'\x99',b'\xbc'
27.041120290756226,b'\x85',b'\x05',b'\x00',b'\x05',b'H',b'X',b'\\',b'8',b'`',b'\xcf'
27.428178310394287,b'\x80',b'\x02',b'\x00',b'\x01',b'\x01',b'0'
27.53173851966858,b'\x80',b'\x03',b'\x00',b'\x01',b'\x01',b'1'
27.727952241897583,b'\x80',b'\x04',b'\x00',b'\x02',b'\x00',b'/',b'a'
27.83311414718628,b'\x80',b'\x05',b'\x00',b'\x06',b'\x80',b'$',b'\x00',b'\x1d',b'\x00',b'\x00',b'\xf8'
27.936126708984375,b'\x81',b'\x05',b'\x00',b'\x05',b'\x9a',b'\x90',b'\x87',b'\x8a',b'\x96',b'\x08'
28.04177188873291,b'\x85',b'\x05',b'\x00',b'\x05',b'\x9d',b'r',b'f',b'[',b'z',b'\x85'
28.227626085281372,b'\x85',b'\x02',b'\x00',b'\x01',b'U',b'\x89'
28.527981519699097,b'\x80',b'\x03',b'\x00',b'\x01',b'\x01',b'1'
28.727970600128174,b'\x80',b'\x04',b'\x00',b'\x02',b'\x00',b'/',b'a'
28.833503007888794,b'\x80',b'\x05',b'\x00',b'\x06',b'\x80',b'&',b'\x00',b'\x1b',b'\x00',b'\x00',b'\xf8'
28.937986135482788,b'\x81',b'\x05',b'\x00',b'\x05',b'\x9a',b'\x90',b'{',b'e',b'Q',b'\x92'
29.041611433029175,b'\x85',b'\x05',b'\x00',b'\x05',b'\x99',b'\xa5',b'\xa1',b'\xa5',b'\xb9',b'x'
29.228975296020508,b'\x81',b'\x02',b'\x00',b'\x01',b'\x0c',b'<'
29.52896499633789,b'\x80',b'\x03',b'\x00',b'\x01',b'\x02',b'2'
29.728907108306885,b'\x80',b'\x04',b'\x00',b'\x02',b'\x00',b'/',b'a'
29.83306074142456,b'\x80',b'\x05',b'\x00',b'\x06',b'\x80',b'&',b'\x00',b'\x1b',b'\x00',b'\x00',b'\xf8'
29.938028812408447,b'\x81',b'\x05',b'\x00',b'\x05',b'H',b'[',b'\x82',b'\x96',b'\x7f',b'q'
30.04212498664856,b'\x85',b'\x05',b'\x00',b'\x05',b'\xb4',b'g'
30.528789043426514,b'\x80',b'\x03',b'\x00',b'\x01',b'\x02',b'2'
30.728984117507935,b'\x80',b'\x04',b'\x00',b'\x02',b'\x00',b'/',b'a'
30.833991289138794,b'\x80',b'\x05',b'\x00',b'\x06',b'\x80',b'#',b'\x00',b'\x1e',b'\x00',b'\x00',b'\xf8'
30.938071727752686,b'\x81',b'\x05',b'\x00',b'\x05',b'_',b'd',b'\x82',b'\x88',b's',b'w'
31.04330277442932,b'\x85',b'\x05',b'\x00',b'\x05',b'\x9d',b'm',b'q',b'{',b'i',b'\x9a'
31.229095220565796,b'\x85',b'\x02',b'\x00',b'\x01',b'X',b'\x8c'
31.529234170913696,b'\x80',b'\x03',b'\x00',b'\x01',b'\x01',b'1'
31.730084896087646,b'\x80',b'\x04',b'\x00',b'\x02',b'\x00',b'\xbe',b'\xf0'
31.83441996574402,b'\x80',b'\x05',b'\x00',b'\x06',b'\x80',b'_',b'\x00',b'\xa4',b'\x00',b'\x00',b'\xba'
31.938754081726074,b'\x81',b'\x05',b'\x00',b'\x05',b'q',b'\x9b',b'\xc0',b'\xb0',b'w',b'*'
32.04300546646118,b'\x85',b'\x05',b'\x00',b'\x05',b'o',b'\x8c',b'\xab',b'\xbe',b'\x8c',b'+'
32.22985887527466,b'\x81',b'\x02',b'\x00',b'\x01',b'\r',b'='
32.529818296432495,b'\x80',b'\x03',b'\x00',b'\x01',b'\x01',b'1'
32.730026960372925,b'\x80',b'\x04',b'\x00',b'\x02',b'\x00',b'\xbe',b'\xf0'
32.83505129814148,b'\x80',b'\x05',b'\x00',b'\x06',b'\x80',b'_',b'\x00',b'\xa4',b'\x00',b'\x00',b'\xba'
32.93848180770874,b'\x81',b'\x05',b'\x00',b'\x05',b'L',b'N',b'i',b'\x7f',b'\x83',b'<'
33.042479515075684,b'\x85',b'\x05',b'\x00',b'\x05',b'\xf0',b'\xaa',b'\xd7',b'x',b't',b'\x98'
33.52941131591797,b'\x80',b'\x03',b'\x00',b'\x01',b'\x02',b'2'
33.73107600212097,b'\x80',b'\x04',b'\x00',b'\x02',b'\x00',b'\xbe',b'\xf0'
33.834901332855225,b'\x80',b'\x05',b'\x00',b'\x06',b'\x80',b'_',b'\x00',b'\xa4',b'\x00',b'\x00',b'\xba'
33.939961194992065,b'\x81',b'\x05',b'\x00',b'\x05',b'w',b'h',b'e',b'y',b'\x92',b'\x86'
34.04339122772217,b'\x85',b'\x05',b'\x00',b'\x05',b'o',b'(',b'|',b'b',b'N',b'\xfe'
34.230156898498535,b'\x85',b'\x02',b'\x00',b'\x01'
34.43109393119812,b'\x80',b'\x02',b'\x00',b'\x01',b'\x02',b'1'
34.5352566242218,b'\x80',b'\x03',b'\x00',b'\x01',b'\x03',b'3'
34.73101735115051,b'\x80',b'\x04',b'\x00',b'\x02',b'\x00',b'\xbe',b'\xf0'
34.83502650260925,b'\x80',b'\x05',b'\x00',b'\x06',b'\x80',b'S',b'\x00',b'\xaa',b'\x00',b'\x00',b'\xb4'
34.93993616104126,b'\x81',b'\x05',b'\x00',b'\x05',b'\x98',b'\x90',b'\x99',b'\xb8',b'\xc7',b'w'
35.045106172561646,b'\x85',b'\x05',b'\x00',b'\x05',b'l',b'\x8c',b'\x88',b'\x9d',b'n',b'\xc6'
35.23124432563782,b'\x81',b'\x02',b'\x00',b'\x01',b'\r',b'='
35.530991315841675,b'\x80',b'\x03',b'\x00',b'\x01',b'\x03',b'3'
35.7314236164093,b'\x80',b'\x04',b'\x00',b'\x02',b'\x00',b'\xbe',b'\xf0'
35.83522629737854,b'\x80',b'\x05',b'\x00',b'\x06',b'\x80',b'd',b'\x00',b'\xa1',b'\x00',b'\x00',b'\xbc'
35.93995022773743,b'\x81',b'\x05',b'\x00',b'\x05',b'\xae',b'\x84',b'r',b'z',b'\x82',b'\xd7'
36.04391050338745,b'\x85',b'\x05',b'\x00',b'\x05',b'n',b'\xb0',b'\x9e',b'\x87',b'U',b'\xd3'
36.431419134140015,b'\x80',b'\x02',b'\x00',b'\x01',b'\x01',b'0'
36.534918546676636,b'\x80',b'\x03',b'\x00',b'\x01',b'\x02',b'2'
36.73221445083618,b'\x80',b'\x04',b'\x00',b'\x02',b'\x00',b'\xbe',b'\xf0'
36.836787700653076,b'\x80',b'\x05',b'\x00',b'\x06',b'\x80',b'P',b'\x00',b'\xac',b'\x00',b'\x00',b'\xb3'
36.940282583236694,b'\x81',b'\x05',b'\x00',b'\x05',b'\x7f',b'x',b'y',b'\x80',b'\x84',b'\xab'
37.04501414299011,b'\x85',b'\x05',b'\x00',b'\x05',b']',b':',b'>',b'\\',b'\x8e',b'\xfa'
37.23161864280701,b'\x85',b'\x02',b'\x00',b'\x01',b'Q',b'\x85'
37.43200874328613,b'\x80',b'\x02',b'\x00',b'\x01',b'\x02',b'1'
37.535836935043335,b'\x80',b'\x03',b'\x00',b'\x01',b'\x01',b'1'
37.73186254501343,b'\x80',b'\x04',b'\x00',b'\x02',b'\x00',b'\xbe',b'\xf0'
37.836612701416016,b'\x80',b'\x05',b'\x00',b'\x06',b'\x80',b'g',b'\x00',b'\x9f',b'\x00',b'\x00',b'\xbd'
37.941967248916626,b'\x81',b'\x05',b'\x00',b'\x05',b'\x81',b'z',b'y',b'\x7f',b'\x83',b'\xad'
38.04580020904541,b'\x85',b'\x05',b'\x00',b'\x05',b'q',b'\xec',b'\x99',b'u',b'\x96',b'<'
38.232093334198,b'\x81',b'\x02',b'\x00',b'\x01',b'\x0e',b'>'
38.43223452568054,b'\x80',b'\x02',b'\x00',b'\x01',b'\x01',b'0'
38.536927938461304,b'\x80',b'\x03',b'\x00',b'\x01',b'\x02',b'2'
38.732930183410645,b'\x80',b'\x04',b'\x00',b'\x02',b'\x00',b'\xbe',b'\xf0'
38.83606195449829,b'\x80',b'\x05',b'\x00',b'\x06',b'\x80',b'a',b'\x00',b'\xa2',b'\x00',b'\x00',b'\xba'
38.94094467163086,b'\x81',b'\x05',b'\x00',b'\x05',b'\x81',b'\x7f',b'\x7f',b'\x82',b'\x84',b'\xbc'
39.04529809951782,b'\x85',b'\x05',b'\x00',b'\x05',b'\x8a',b':',b'\xcc',b'1',b'g',b'c'
39.53296208381653,b'\x80',b'\x03',b'\x00',b'\x01',b'\x01',b'1'
39.73313522338867,b'\x80',b'\x04',b'\x00',b'\x02',b'\x00',b'\xbe',b'\xf0'
39.837093114852905,b'\x80',b'\x05',b'\x00',b'\x06',b'\x80',b'Y',b'\x00',b'\xa7',b'\x00',b'\x00',b'\xb7'
39.94128179550171,b'\x81',b'\x05',b'\x00',b'\x05',b'\x81',b'y',b'r',b't',b'\x80',b'\x97'
40.04526448249817,b'\x85',b'\x05',b'\x00',b'\x05',b'\x8c',b'x',b'}',b'K',b'\x9f',b'\xa6'
40.23301339149475,b'\x85',b'\x02',b'\x00',b'\x01',b'N',b'\x82'
40.53273797035217,b'\x80',b'\x03',b'\x00',b'\x01',b'\x03',b'3'
40.733723402023315,b'\x80',b'\x04',b'\x00',b'\x02',b'\x00',b'\xbe',b'\xf0'
40.83773493766785,b'\x80',b'\x05',b'\x00',b'\x06',b'\x80',b'l',b'\x00',b'\x9b',b'\x00',b'\x00',b'\xbe'
40.94273829460144,b'\x81',b'\x05',b'\x00',b'\x05',b'\x8a',b'\x8b',b'\x86',b'\x84',b'\x84',b'\xda'
41.04672861099243,b'\x85',b'\x05',b'\x00',b'\x05',b'p',b'\xc7',b'p',b'g',b'\x94',b'\xdd'
41.23373222351074,b'\x81',b'\x02',b'\x00',b'\x01',b'\r',b'='
41.53372645378113,b'\x80',b'\x03',b'\x00',b'\x01',b'\x01',b'1'
41.73373341560364,b'\x80',b'\x04',b'\x00',b'\x02',b'\x00',b'\xbe',b'\xf0'
41.83872890472412,b'\x80',b'\x05',b'\x00',b'\x06',b'\x80',b'M',b'\x00',b'\xad',b'\x00',b'\x00',b'\xb1'
41.9427330493927,b'\x81',b'\x05',b'\x00',b'\x05',b'\x82',b'}',b'x',b'w',b'z',b'\x9f'
42.04779815673828,b'\x85',b'\x05',b'\x00',b'\x05',b'P',b'E',b'\x9a',b'P',b'W',b'\x11'
42.533496379852295,b'\x80',b'\x03',b'\x00',b'\x01',b'\x01',b'1'
42.734867095947266,b'\x80',b'\x04',b'\x00',b'\x02',b'\x00',b'\xbe',b'\xf0'
42.83893704414368,b'\x80',b'\x05',b'\x00',b'\x06',b'\x80',b'o',b'\x00',b'\x99',b'\x00',b'\x00',b'\xbf'
42.94281029701233,b'\x81',b'\x05',b'\x00',b'\x05',b'\x80',b'\x85',b'\x85',b'\x7f',b'x',b'\xb8'
43.04827880859375,b'\x85',b'\x05',b'\x00',b'\x05',b'\x89',b'x',b'b',b'\x8c',b'\x90',b'\xba'
43.23456168174744,b'\x85',b'\x02',b'\x00',b'\x01',b'M',b'\x81'
43.53416442871094,b'\x80',b'\x03',b'\x00',b'\x01',b'\x01',b'1'
43.73472452163696,b'\x80',b'\x04',b'\x00',b'\x02',b'\x00',b'\xbe',b'\xf0'
43.83894872665405,b'\x80',b'\x05',b'\x00',b'\x06',b'\x80',b'a',b'\x00',b'\xa2',b'\x00',b'\x00',b'\xba'
43.943981409072876,b'\x81',b'\x05',b'\x00',b'\x05',b'x',b'\x80',b'\x86',b'\x84',b'\x7f',b'\xb8'
44.04794144630432,b'\x85',b'\x05',b'\x00',b'\x05',b'u',b'\x90',b'\x86',b'B',b'\xaa',b'\xb2'
44.23496341705322,b'\x81',b'\x02',b'\x00',b'\x01',b'\x0f',b'?'
44.534752368927,b'\x80',b'\x03',b'\x00',b'\x01',b'\x01',b'1'
44.73450469970703,b'\x80',b'\x04',b'\x00',b'\x02',b'\x00',b'\xbe',b'\xf0'
44.839958906173706,b'\x80',b'\x05',b'\x00',b'\x06',b'\x80',b'_',b'\x00',b'\xa4',b'\x00',b'\x00',b'\xba'
44.94496703147888,b'\x81',b'\x05',b'\x00',b'\x05',b'\x7f',b'\x81',b'}',b'v',b'v',b'\xa0'
45.0486216545105,b'\x85',b'\x05',b'\x00',b'\x05',b'E',b'c',b'y',b'\x85',b'\xc4',b'\xa5'
45.536054372787476,b'\x80',b'\x03',b'\x00',b'\x01',b'\x01',b'1'
45.73540997505188,b'\x80',b'\x04',b'\x00',b'\x02',b'\x00',b'\xbe',b'\xf0'
45.83960485458374,b'\x80',b'\x05',b'\x00',b'\x06',b'\x80',b'Y',b'\x00',b'\xa7',b'\x00',b'\x00',b'\xb7'
45.944799184799194,b'\x81',b'\x05',b'\x00',b'\x05',b'\x7f',b'\x88',b'\x8b',b'\x89',b'\x84',b'\xd6'
46.049317359924316,b'\x85',b'\x05',b'\x00',b'\x05',b'\xa4',b'\x80',b'\x94',b'i',b'\xaf',b'\x0b'
46.23564839363098,b'\x85',b'\x02',b'\x00',b'\x01',b'O',b'\x83'
46.53619623184204,b'\x80',b'\x03',b'\x00',b'\x01',b'\x01',b'1'
46.73517298698425,b'\x80',b'\x04',b'\x00',b'\x02',b'\x00',b'\xbe',b'\xf0'
46.8410542011261,b'\x80',b'\x05',b'\x00',b'\x06',b'\x80',b'E',b'\x00',b'\x89',b'\x00',b'\x00',b'\x85'
46.94495153427124,b'\x81',b'\x05',b'\x00',b'\x05',b'~',b'{',b'|',b'~',b'~',b'\xa8'
47.04932141304016,b'\x85',b'\x05',b'\x00',b'\x05',b'%',b'U',b's',b'\xa4',b'-',b'\xf9'
47.23605990409851,b'\x81',b'\x02',b'\x00',b'\x01',b'\x11',b'A'
47.536181688308716,b'\x80',b'\x03',b'\x00',b'\x01',b'\x01',b'1'
47.736836671829224,b'\x80',b'\x04',b'\x00',b'\x02',b'\x00',b'\x9a',b'\xcc'
47.84156012535095,b'\x80',b'\x05',b'\x00',b'\x06',b'\x00',b'%',b'\x00',b'\x95',b'\x00',b'\x00',b'\xf1'
47.9453911781311,b'\x81',b'\x05',b'\x00',b'\x05',b'\x81',b'\x87',b'\x84',b'|',b'{',b'\xba'
48.04995799064636,b'\x85',b'\x05',b'\x00',b'\x05',b'J',b'\x8c',b'w',b'F',b'&',b'\xf4'
48.536760568618774,b'\x80',b'\x03',b'\x00',b'\x01',b'\x01',b'1'
48.73703336715698,b'\x80',b'\x04',b'\x00',b'\x02',b'\x00',b'\x9a',b'\xcc'
48.84047555923462,b'\x80',b'\x05',b'\x00',b'\x06',b'\x80',b'\x99',b'\x00',b'\x00',b'\x00',b'Z'
48.945998668670654,b'\x81',b'\x05',b'\x00',b'\x05',b'\x85',b'\x80',b'^',b'C',b'N',b'+'
49.05013656616211,b'\x85',b'\x05',b'\x00',b'\x05',b'\xaf',b'L',b'1',b'\xf5',"b'""'",b'~'
49.23678731918335,b'\x85',b'\x02',b'\x00',b'\x01',b'S',b'\x87'
49.536293506622314,b'\x80',b'\x03',b'\x00',b'\x01',b'\x01',b'1'
49.73785638809204,b'\x80',b'\x04',b'\x00',b'\x02',b'\x00',b'\x9a',b'\xcc'
49.841981172561646,b'\x80',b'\x05',b'\x00',b'\x06',b'\x80',b'\x93',b'\x00',b'-',b'\x00',b'\x00',b'w'
49.9456102848053,b'\x81',b'\x05',b'\x00',b'\x05',b'p',b'\x83',b'\x83',b'\x82',b'x',b'\xa7'
50.050190687179565,b'\x85',b'\x05',b'\x00',b'\x05',b'\xf2',b'\xf3',b'-',b'd',b'9',b'\xea'
50.237836599349976,b'\x81',b'\x02',b'\x00',b'\x01',b'\x11',b'A'
50.43696880340576,b'\x80',b'\x02',b'\x00',b'\x01',b'\x02',b'1'
50.54096746444702,b'\x80',b'\x03',b'\x00',b'\x01',b'\x01',b'1'
50.73796486854553,b'\x80',b'\x04',b'\x00',b'\x02',b'\x00',b'\x9a',b'\xcc'
50.84234261512756,b'\x80',b'\x05',b'\x00',b'\x06',b'\x80',b'\x95',b'\x00',b'%',b'\x00',b'\x00',b'q'
50.94679808616638,b'\x81',b'\x05',b'\x00',b'\x05',b'a',b'f',b'\xab',b'\xfc',b'\x08',b'\xad'
51.05151319503784,b'\x85',b'\x05',b'\x00',b'\x05',b'\xa3',b'\xb4',b'\x9e',b'\xae',b'\xfe',b'\xdc'
51.4378445148468,b'\x80',b'\x02',b'\x00',b'\x01',b'\x01',b'0'
51.541982889175415,b'\x80',b'\x03',b'\x00',b'\x01',b'\x02',b'2'
51.64656734466553,b'\x07',b'\x07',b'\x00',b'\x01',b'\x01',b'\xbc'
51.751473903656006,b'\x80',b'\x04',b'\x00',b'\x02',b'\x00',b'\x9a',b'\xcc'
51.85724449157715,b'\x80',b'\x05',b'\x00',b'\x06',b'\x00',b'H',b'\x00',b'\x87',b'\x00',b'\x00',b'\x06'
51.96082067489624,b'\x81',b'\x05',b'\x00',b'\x05',b'\xcf',b'\xa5',b'\xb6',b'\xdf',b'\xea',b'*'
52.06457734107971,b'\x85',b'\x05',b'\x00',b'\x05',b'\xab',b'Q',b'\xb5',b'\xbf',b'\xc5',b'p'
52.23797249794006,b'\x85',b'\x02',b'\x00',b'\x01',b'V',b'\x8a'
52.43868613243103,b'\x80',b'\x02',b'\x00',b'\x01',b'\x02',b'1'
52.54194498062134,b'\x80',b'\x03',b'\x00',b'\x01',b'\x02',b'2'
52.64688229560852,b'\x07',b'\x07',b'\x00',b'\x01',b'\x00',b'\xbb'
52.75097107887268,b'\x80',b'\x04',b'\x00',b'\x02',b'\x00',b'\x9a',b'\xcc'
52.856038093566895,b'\x80',b'\x05',b'\x00',b'\x06',b'\x80',b'\x89',b'\x00',b'E',b'\x00',b'\x00',b'\x85'
52.96112108230591,b'\x81',b'\x05',b'\x00',b'\x05',b'\xce',b'\xa9',b'\xa3',b'\xbb',b'\xb2',b'\xbe'
53.06494927406311,b'\x85',b'\x05',b'\x00',b'\x05',b'\xda',b'M',b'\xa9',b'o',b'#',b'\x9d'
53.23879814147949,b'\x81',b'\x02',b'\x00',b'\x01',b'\x11',b'A'
53.53895449638367,b'\x80',b'\x03',b'\x00',b'\x01',b'\x01',b'1'
53.73919177055359,b'\x80',b'\x04',b'\x00',b'\x02',b'\x00',b'\x9a',b'\xcc'
53.84361791610718,b'\x80',b'\x05',b'\x00',b'\x06',b'\x80',b'\x99',b'\x00',b'\x00',b'\x00',b'Z'
53.94901466369629,b'\x81',b'\x05',b'\x00',b'\x05',b'Z',b'\xfe',b'\x14',b'\x8d',b'\xd0',b'\x00'
54.052876234054565,b'\x85',b'\x05',b'\x00',b'\x05',b'\xe4',b'D',b'\xcc',b'(',b'Y',b'\xb0'
54.43894720077515,b'\x80',b'\x02',b'\x00',b'\x01',b'\x01',b'0'
54.543193101882935,b'\x80',b'\x03',b'\x00',b'\x01',b'\x02',b'2'
54.739293575286865,b'\x80',b'\x04',b'\x00',b'\x02',b'\x00',b'\x9a',b'\xcc'
54.84395432472229,b'\x80',b'\x05',b'\x00',b'\x06',b'\x80',b'O',b'\x00',b'\x84',b'\x00',b'\x00',b'\x8a'
54.94797420501709,b'\x81',b'\x05',b'\x00',b'\x05',b'\x91',b'<',b'F',b'\x89',b'\x8e',b'a'
55.05224800109863,b'\x85',b'\x05',b'\x00',b'\x05',b'w',b'f',b'K',b'\x9a',b'Y',b'V'
55.239063024520874,b'\x85',b'\x02',b'\x00',b'\x01',b'Y',b'\x8d'
55.439682960510254,b'\x80',b'\x02',b'\x00',b'\x01',b'\x02',b'1'
55.54298114776611,b'\x80',b'\x03',b'\x00',b'\x01',b'\x01',b'1'
55.739829301834106,b'\x80',b'\x04',b'\x00',b'\x02',b'\x00',b'\x9a',b'\xcc'
55.844948053359985,b'\x80',b'\x05',b'\x00',b'\x06',b'\x80',b'\x95',b'\x00',b'%',b'\x00',b'\x00',b'q'
55.94891929626465,b'\x81',b'\x05',b'\x00',b'\x05',b'J',b'%',b'U',b'\x9f',b'\xc6',b'`'
56.05371570587158,b'\x85',b'\x05',b'\x00',b'\x05',b'\xb2',b'I',b'u',b's',b'j',b'\x88'
56.24018740653992,b'\x81',b'\x02',b'\x00',b'\x01',b'\x0f',b'?'
56.442622423172,b'\x80',b'\x02',b'\x00',b'\x01',b'\x01',b'0'
56.54617094993591,b'\x80',b'\x03',b'\x00',b'\x01',b'\x01',b'1'
56.73995852470398,b'\x80',b'\x04',b'\x00',b'\x02',b'\x00',b'\x9a',b'\xcc'
56.844555139541626,b'\x80',b'\x05',b'\x00',b'\x06',b'\x80',b'^',b'\x00',b'y',b'\x00',b'\x00',b'\x8e'
56.94886875152588,b'\x81',b'\x05',b'\x00',b'\x05',b'\xe8',b'+',b'R',b'\x0b',b'\x82',b')'
57.05305480957031,b'\x85',b'\x05',b'\x00',b'\x05',b'\xe9',b'\x88',b'\xa0',b'\x96',b'w',b'Y'
57.54062366485596,b'\x80',b'\x03',b'\x00',b'\x01',b'\x01',b'1'
57.74095892906189,b'\x80',b'\x04',b'\x00',b'\x02',b'\x00',b'\x9a',b'\xcc'
57.84451365470886,b'\x80',b'\x05',b'\x00',b'\x06',b'\x80',b'y',b'\x00',b'^',b'\x00',b'\x00',b'\x8e'
57.949362993240356,b'\x81',b'\x05',b'\x00',b'\x05',b'3',b'<',b'Q',b'S',b'w',b'\xc1'
58.05363464355469,b'\x85',b'\x05',b'\x00',b'\x05',b'-',b'\x00',b':',b'u',b'P',b'g'
58.24068331718445,b'\x85',b'\x02',b'\x00',b'\x01',b'Z',b'\x8e'
58.440677881240845,b'\x80',b'\x02',b'\x00',b'\x01',b'\x02',b'1'
58.54469323158264,b'\x80',b'\x03',b'\x00',b'\x01',b'\x01',b'1'
58.74095559120178,b'\x80',b'\x04',b'\x00',b'\x02',b'\x00',b'\x9a',b'\xcc'
58.84584045410156,b'\x80',b'\x05',b'\x00',b'\x06',b'\x80',b'\x99',b'\x00',b'\x00',b'\x00',b'Z'
58.949705600738525,b'\x81',b'\x05',b'\x00',b'\x05',b'\xc6',b'\xe8',b'\xa9'
59.05486583709717,b'\x85',b'\x05',b'\x00',b'\x05',b'V',b'\xc4',b'a',b'\xf6',b'\x0e',b'\xba'
59.240915060043335,b'\x81',b'\x02',b'\x00',b'\x01',b'\x0f',b'?'
59.5410361289978,b'\x80',b'\x03',b'\x00',b'\x01',b'\x01',b'1'
59.74166131019592,b'\x80',b'\x04',b'\x00',b'\x02',b'\x00',b'\x9a',b'\xcc'
59.845741748809814,b'\x80',b'\x05',b'\x00',b'\x06',b'\x80',b'\x92',b'\x00',b'/',b'\x00',b'\x00',b'x'
59.94974207878113,b'\x81',b'\x05',b'\x00',b'\x05',b'\xaf',b'\xf2',b'\xd1',b'\x83',b'z',b'\xa6'
60.054957151412964,b'\x85',b'\x05',b'\x00',b'\x05',b'\xa9',b'7',b'I',b'U',b'\x0e',b'\xc7'
60.54193592071533,b'\x80',b'\x03',b'\x00',b'\x01',b'\x03',b'3'
60.74131989479065,b'\x80',b'\x04',b'\x00',b'\x02',b'\x00',b'\x9a',b'\xcc'
60.84632635116577,b'\x80',b'\x05',b'\x00',b'\x06',b'\x80',b'\x97',b'\x00',b'\x1a',b'\x00',b'\x00',b'h'
60.95093107223511,b'\x81',b'\x05',b'\x00',b'\x05',b'\xbf',b'\xe3',b'\xab',b'c',b'f',b'M'
61.055928468704224,b'\x85',b'\x05',b'\x00',b'\x05',b'\x90',b'Q',b'k',b'\x11',b'\xe8',b'\x80'
61.24156141281128,b'\x85',b'\x02',b'\x00',b'\x01',b'Y',b'\x8d'
61.441527366638184,b'\x80',b'\x02',b'\x00',b'\x01',b'\x01',b'0'
61.54595971107483,b'\x80',b'\x03',b'\x00',b'\x01',b'\x01',b'1'
61.74153256416321,b'\x80',b'\x04',b'\x00',b'\x02',b'\x00',b'\x9a',b'\xcc'
61.846545696258545,b'\x80',b'\x05',b'\x00',b'\x06',b'\x00',b'>',b'\x00',b'\x8c',b'\x00',b'\x00',b'\x01'
61.94991707801819,b'\x81',b'\x05',b'\x00',b'\x05',b'\x8a',b'{',b'H',b']',b'\xd8',b'\xb9'
62.054916858673096,b'\x85',b'\x05',b'\x00',b'\x05',b'\xe2',b'\xe9',b'L',b'\xdc'
62.24183106422424,b'\x81',b'\x02',b'\x00',b'\x01',b'\x0e',b'>'
62.54281163215637,b'\x80',b'\x03',b'\x00',b'\x01',b'\x02',b'2'
62.74298024177551,b'\x80',b'\x04',b'\x00',b'\x02',b'\x00',b'\x9a',b'\xcc'
62.84687805175781,b'\x80',b'\x05',b'\x00',b'\x06',b'\x80',b'e',b'\x00',b't',b'\x00',b'\x00',b'\x90'
62.950878381729126,b'\x81',b'\x05',b'\x00',b'\x05',b'N',b':',b'\xae',b'N',b'\x82',b'='
63.055742263793945,b'\x85',b'\x05',b'\x00',b'\x05',b'\xd8',b'\t',b'?',b'\x99',b'*',b'\x1e'
63.54229164123535,b'\x80',b'\x03',b'\x00',b'\x01',b'\x02',b'2'
63.742029666900635,b'\x80',b'\x04',b'\x00',b'\x02',b'\x00',b'\x9a',b'\xcc'
63.84703731536865,b'\x80',b'\x05',b'\x00',b'\x06',b'\x00',b'Q',b'\x00',b'\x82',b'\x00',b'\x00'
63.951210260391235,b'\x81',b'\x05',b'\x00',b'\x05',b'\xd8',b'\xab',b'1',b'5',b'\xc3',b'\xe3'
64.05662488937378,b'\x85',b'\x05',b'\x00',b'\x05',b'\x88',b'\x83',b'`',b'Z',b'\xee',b'\xee'
64.24292945861816,b'\x85',b'\x02',b'\x00',b'\x01',b'V',b'\x8a'
64.44234538078308,b'\x80',b'\x02',b'\x00',b'\x01',b'\x02',b'1'
64.54739260673523,b'\x80',b'\x03',b'\x00',b'\x01',b'\x01',b'1'
64.65143656730652,b'\x07',b'\x07',b'\x00',b'\x01',b'\x01',b'\xbc'
64.75642204284668,b'\x80',b'\x04',b'\x00',b'\x02',b'\x00',b'\x9a',b'\xcc'
64.86169409751892,b'\x80',b'\x05',b'\x00',b'\x06',b'\x80',b'7',b'\x00',b'\x8f',b'\x00',b'\x00',b'}'
64.96570944786072,b'\x81',b'\x05',b'\x00',b'\x05',b'\x08',b'\xa9',b'N',b'w',b'\xb9',b'f'
65.0703604221344,b'\x85',b'\x05',b'\x00',b'\x05',b'\x88',b'\x13',b'-',b'\xe3',b'W',b'='
65.24298667907715,b'\x81',b'\x02',b'\x00',b'\x01',b'\x0c',b'<'
65.44393825531006,b'\x80',b'\x02',b'\x00',b'\x01',b'\x01',b'0'
65.5469000339508,b'\x80',b'\x03',b'\x00',b'\x01',b'\x02',b'2'
65.65188384056091,b'\x07',b'\x07',b'\x00',b'\x01',b'\x00',b'\xbb'
65.75530099868774,b'\x80',b'\x04',b'\x00',b'\x02',b'\x00',b'\x9a',b'\xcc'
65.86205220222473,b'\x80',b'\x05',b'\x00',b'\x06',b'\x80',b'S',b'\x00',b'\x81',b'\x00',b'\x00',b'\x8b'
65.96507096290588,b'\x81',b'\x05',b'\x00',b'\x05',b'\x8c',b'-',b'!',b'i',b'\xa7',b'!'
66.06906294822693,b'\x85',b'\x05',b'\x00',b'\x05',b'\xa5',b'R',b'\x8d',b'\xa6',b'\xb2',b'\x17'
66.44396805763245,b'\x80',b'\x02',b'\x00',b'\x01',b'\x02',b'1'
66.54746198654175,b'\x80',b'\x03',b'\x00',b'\x01',b'\x03',b'3'
66.74393463134766,b'\x80',b'\x04',b'\x00',b'\x02',b'\x00',b'\x9a',b'\xcc'
66.84896206855774,b'\x80',b'\x05',b'\x00',b'\x06',b'\x80',b'w',b'\x00',b'`',b'\x00',b'\x00',b'\x8e'
66.95349359512329,b'\x81',b'\x05',b'\x00',b'\x05',b'\xaa',b'{',b':',b'\x13',"b""'""",b'\xd0'
67.0580005645752,b'\x85',b'\x05',b'\x00',b'\x05',b'\xb5',b'\xbb',b'i',b'q',b'\xcd',b'R'
67.24484896659851,b'\x85',b'\x02',b'\x00',b'\x01',b'O',b'\x83'
67.4623064994812,b'\x01',b'\x01',b'\x00',b'\x01',b'\x0f',b'\xbe'
67.56722807884216,b'\x80',b'\x03',b'\x00',b'\x01',b'\x0c',b'<'
67.67060446739197,b'\x07',b'\x07',b'\x00',b'\x01',b'\x01',b'\xbc'
67.77567386627197,b'\x80',b'\x04',b'\x00',b'\x02',b'\x00',b'\x9a',b'\xcc'
67.88055992126465,b'\x80',b'\x05',b'\x00',b'\x06',b'\x00',b'O',b'\x00',b'\x84',b'\x00',b'\x00'
67.98494458198547,b'\x81',b'\x05',b'\x00',b'\x05',b'f',b'\x9e',b'\xb8',b'\xbd',b'\xb6',b'f'
68.0897843837738,b'\x85',b'\x05',b'\x00',b'\x05',b'\xa4',b'\x1b',b'\xe3',b'm',b'\x08',b'R'
68.24418711662292,b'\x81',b'\x02',b'\x00',b'\x01',b'\x0c',b'<'
68.54495048522949,b'\x80',b'\x03',b'\x00',b'\x01',b'\x14',b'D'
68.74473357200623,b'\x80',b'\x04',b'\x00',b'\x02',b'\x00',b'/',b'a'
68.84997272491455,b'\x80',b'\x05',b'\x00',b'\x06',b'\x80',b'\x04',b'\x00',b'.',b'\x00',b'\x00',b'\xe9'
68.9539704322815,b'\x81',b'\x05',b'\x00',b'\x05',b'\x9c',b'{',b'j',b'r',b'\x88',b'\xb2'
69.05864477157593,b'\x85',b'\x05',b'\x00',b'\x05',b'U',b'\x99',b'E',b'\x00',b'y',b'\xe7'
69.54595112800598,b'\x80',b'\x03',b'\x00',b'\x01',b'\x06',b'6'
69.74597072601318,b'\x80',b'\x04',b'\x00',b'\x02',b'\x00',b'/',b'a'
69.85087704658508,b'\x80',b'\x05',b'\x00',b'\x06',b'\x80',b'\t',b'\x00',b'-',b'\x00',b'\x00',b'\xed'
69.95493054389954,b'\x81',b'\x05',b'\x00',b'\x05',b'\x97',b'\x8d',b's',b'c',b'o',b'\xa0'
70.05902552604675,b'\x85',b'\x05',b'\x00',b'\x05',b'\xe2',b'\x05',b'\x1c',b'\x9e',b'\xd5',b'\xb1'
70.24555587768555,b'\x85',b'\x02',b'\x00',b'\x01',b'J',b'~'
70.54594159126282,b'\x80',b'\x03',b'\x00',b'\x01',b'\x03',b'3'
70.74563074111938,b'\x80',b'\x04',b'\x00',b'\x02',b'\x00',b'/',b'a'
70.8507080078125,b'\x80',b'\x05',b'\x00',b'\x06',b'\x80',b'\x08',b'\x00',b'.',b'\x00',b'\x00',b'\xed'
70.955153465271,b'\x81',b'\x05',b'\x00',b'\x05',b'\x8e',b'\xab',b'\xbb',b'\xae',b'\x80',b'Y'
71.05996704101562,b'\x85',b'\x05',b'\x00',b'\x05',b'(',b'\xb2',b'\xbd',b'\xb0',b'?',b'\xc1'
71.24581384658813,b'\x81',b'\x02',b'\x00',b'\x01',b'\x0b',b';'
71.54609274864197,b'\x80',b'\x03',b'\x00',b'\x01',b'\x04',b'4'
71.74704647064209,b'\x80',b'\x04',b'\x00',b'\x02',b'\x00',b'/',b'a'
71.85095143318176,b'\x80',b'\x05',b'\x00',b'\x06',b'\x80',b'\x07',b'\x00',b'.',b'\x00',b'\x00',b'\xec'
71.95573544502258,b'\x81',b'\x05',b'\x00',b'\x05',b'W',b'q',b'\xb8',b'\xb8',b'F',b'\xb5'
72.06009721755981,b'\x85',b'\x05',b'\x00',b'\x05',b']',b'-',b'\x95',b'\xd0',b'X',b'\x82'
72.54694676399231,b'\x80',b'\x03',b'\x00',b'\x01',b'\x05',b'5'
72.74702954292297,b'\x80',b'\x04',b'\x00',b'\x02',b'\x00',b'/',b'a'
72.8518533706665,b'\x80',b'\x05',b'\x00',b'\x06',b'\x80',b'\x05',b'\x00',b'.',b'\x00',b'\x00',b'\xea'
72.95586609840393,b'\x81',b'\x05',b'\x00',b'\x05',b'\xdf',b'\x07',b'\x90',b'\xdf',b'\xcd',b'Y'
73.0601270198822,b'\x85',b'\x05',b'\x00',b'\x05',b'\x91',b'\xaa',b'~',b'\xc7',b'\xba',b'u'
73.24708867073059,b'\x85',b'\x02',b'\x00',b'\x01',b'G',b'{'
73.54621911048889,b'\x80',b'\x03',b'\x00',b'\x01',b'\x02',b'2'
73.74744534492493,b'\x80',b'\x04',b'\x00',b'\x02',b'\x00',b'/',b'a'
73.85267066955566,b'\x80',b'\x05',b'\x00',b'\x06',b'\x80',b'\x03',b'\x00',b'.',b'\x00',b'\x00',b'\xe8'
73.95641851425171,b'\x81',b'\x05',b'\x00',b'\x05',b'\xb4',b'\xc2',b'\xc4',b'\x90',b'H',b'I'
74.06187748908997,b'\x85',b'\x05',b'\x00',b'\x05',b'b',b'1',b'8',b'<',b'J',b'\x8c'
74.24733090400696,b'\x81',b'\x02',b'\x00',b'\x01',b'\x0c',b'<'
74.54755425453186,b'\x80',b'\x03',b'\x00',b'\x01',b'\x04',b'4'
74.74794936180115,b'\x80',b'\x04',b'\x00',b'\x02',b'\x00',b'/',b'a'
74.85269856452942,b'\x80',b'\x05',b'\x00',b'\x06',b'\x00',b'\x00',b'\x00',b'.',b'\x00',b'\x00',b'e'
74.95714521408081,b'\x81',b'\x05',b'\x00',b'\x05',b'&',b'9',b'e',b'\x86',b'\x94',b'\x15'
75.06084418296814,b'\x85',b'\x05',b'\x00',b'\x05',b'l',b'k',b'\x89',b'[',b'}',b's'
75.44814419746399,b'\x80',b'\x02',b'\x00',b'\x01',b'\x01',b'0'
75.55199432373047,b'\x80',b'\x03',b'\x00',b'\x01',b'\x02',b'2'
75.74807453155518,b'\x80',b'\x04',b'\x00',b'\x02',b'\x00',b'/',b'a'
75.85201573371887,b'\x80',b'\x05',b'\x00',b'\x06',b'\x80',b'\x04',b'\x00',b'.',b'\x00',b'\x00',b'\xe9'
75.9580192565918,b'\x81',b'\x05',b'\x00',b'\x05',b'\xa4',b'\xba',b'\xb5',b'\x83',b'G',b'\x14'
76.06104469299316,b'\x85',b'\x05',b'\x00',b'\x05',b'\x84',b'\x9a',b'j',b'\x8f',b'\xb8'
76.24893689155579,b'\x85',b'\x02',b'\x00',b'\x01',b'D',b'x'
76.44836473464966,b'\x80',b'\x02',b'\x00',b'\x01',b'\x02',b'1'
76.55286073684692,b'\x80',b'\x03',b'\x00',b'\x01',b'\x05',b'5'
76.74901223182678,b'\x80',b'\x04',b'\x00',b'\x02',b'\x00',b'/',b'a'
76.85392379760742,b'\x80',b'\x05',b'\x00',b'\x06',b'\x80',b'\x05',b'\x00',b'.',b'\x00',b'\x00',b'\xea'
76.95794010162354,b'\x81',b'\x05',b'\x00',b'\x05',b'0',b'@',b'Z',b'j',b's',b'\xde'
77.06305122375488,b'\x85',b'\x05',b'\x00',b'\x05',b'\xb3',b'\xfc',b'\x9d',b'l',b'\x86',b'y'
77.24888944625854,b'\x81',b'\x02',b'\x00',b'\x01',b'\x0b',b';'
77.54886054992676,b'\x80',b'\x03',b'\x00',b'\x01',b'\x0c',b'<'
77.74888134002686,b'\x80',b'\x04',b'\x00',b'\x02',b'\x00',b'/',b'a'
77.85405945777893,b'\x80',b'\x05',b'\x00',b'\x06',b'\x00',b'\x00',b'\x00',b'.',b'\x00',b'\x00',b'e'
77.95798063278198,b'\x81',b'\x05',b'\x00',b'\x05',b'x',b'y',b'z',b'\x80',b'\x86',b'\xa8'
78.06181645393372,b'\x85',b'\x05',b'\x00',b'\x05',b'}',b'\x8f',b'Z',b'<',b'9',b'\x16'
78.44809436798096,b'\x80',b'\x02',b'\x00',b'\x01',b'\x01',b'0'
78.5527732372284,b'\x80',b'\x03',b'\x00',b'\x01',b'\x01',b'1'
78.75013494491577,b'\x80',b'\x04',b'\x00',b'\x02',b'\x00',b'/',b'a'
78.8541932106018,b'\x80',b'\x05',b'\x00',b'\x06',b'\x00',b'\x05',b'\x00',b'.',b'\x00',b'\x00',b'j'
78.95891499519348,b'\x81',b'\x05',b'\x00',b'\x05',b'\x86',b'\x8d',b'\xa7',b'\xc6',b'\xc9',b'\x80'
79.06297993659973,b'\x85',b'\x05',b'\x00',b'\x05',b'D',b'l',b'\xd0',b'd',b'D',b'c'
79.24978995323181,b'\x85',b'\x02',b'\x00',b'\x01',b'A',b'u'
79.44970202445984,b'\x80',b'\x02',b'\x00',b'\x01',b'\x02',b'1'
79.5539870262146,b'\x80',b'\x03',b'\x00',b'\x01',b'\x05',b'5'
79.75002956390381,b'\x80',b'\x04',b'\x00',b'\x02',b'\x00',b'/',b'a'
79.85487270355225,b'\x80',b'\x05',b'\x00',b'\x06',b'\x00',b'\x03',b'\x00',b'.',b'\x00',b'\x00',b'h'
79.95992684364319,b'\x81',b'\x05',b'\x00',b'\x05',b'\xa8',b'\x81',b'v',b'\x84',b'\x86',b'\xe0'
80.0632586479187,b'\x85',b'\x05',b'\x00',b'\x05',b'Q',b'X',b'\x8c',b'{',b'\xbf',b'\xaa'
80.2499737739563,b'\x81',b'\x02',b'\x00',b'\x01',b'\x0b',b';'
80.55002307891846,b'\x80',b'\x03',b'\x00',b'\x01',b'\x01',b'1'
80.75059103965759,b'\x80',b'\x04',b'\x00',b'\x02',b'\x00',b'/',b'a'
80.85457921028137,b'\x80',b'\x05',b'\x00',b'\x06',b'\x00',b'\x01',b'\x00',b'.',b'\x00',b'\x00',b'f'
80.95857667922974,b'\x81',b'\x05',b'\x00',b'\x05',b'j',b'A',b'.',b'F',b'v',b'\xcc'
81.06373453140259,b'\x85',b'\x05',b'\x00',b'\x05',b'\xce',b'Z',b'\x95',b'\x9e',b'\x9b',b'1'
81.55082821846008,b'\x80',b'\x03',b'\x00',b'\x01',b'\x03',b'3'
81.75090384483337,b'\x80',b'\x04',b'\x00',b'\x02',b'\x00',b'/',b'a'
81.85604214668274,b'\x80',b'\x05',b'\x00',b'\x06',b'\x00',b'\x03',b'\x00',b'.',b'\x00',b'\x00',b'h'
81.95906901359558,b'\x81',b'\x05',b'\x00',b'\x05',b'\x92',b'\x83',b']',b'G'
82.06497764587402,b'\x85',b'\x05',b'\x00',b'\x05',b'\xa0',b'y',b'm',b'm',b'_',b'\x8d'
82.25102949142456,b'\x85',b'\x02',b'\x00',b'\x01',b'@',b't'
82.45081281661987,b'\x80',b'\x02',b'\x00',b'\x01',b'\x01',b'0'
82.55500507354736,b'\x80',b'\x03',b'\x00',b'\x01',b'\x01',b'1'
82.75097274780273,b'\x80',b'\x04',b'\x00',b'\x02',b'\x00',b'/',b'a'
82.85604906082153,b'\x80',b'\x05',b'\x00',b'\x06',b'\x00',b'\x07',b'\x00',b'.',b'\x00',b'\x00',b'l'
82.95954203605652,b'\x81',b'\x05',b'\x00',b'\x05',b'w',b'\x9d',b'\xb2',b'\xaa',b'\x94',b';'
83.06393265724182,b'\x85',b'\x05',b'\x00',b'\x05',b'g',b'|'
83.2513747215271,b'\x81',b'\x02',b'\x00',b'\x01',b'\x0c',b'<'
83.4511468410492,b'\x80',b'\x02',b'\x00',b'\x01',b'\x02',b'1'
83.55489349365234,b'\x80',b'\x03',b'\x00',b'\x01',b'\x04',b'4'
83.75208568572998,b'\x80',b'\x04',b'\x00',b'\x02',b'\x00',b'/',b'a'
83.85587978363037,b'\x80',b'\x05',b'\x00',b'\x06',b'\x00',b'\x07',b'\x00',b'.',b'\x00',b'\x00',b'l'
83.96091151237488,b'\x81',b'\x05',b'\x00',b'\x05',b'\x8c',b'\x98',b'\xa1',b'\x95',b'~',b'\x0f'
84.0651216506958,b'\x85',b'\x05',b'\x00',b'\x05',b'l',b'm',b'n',b'{',b'\x88',b'\x85'
84.55106782913208,b'\x80',b'\x03',b'\x00',b'\x01',b'\x06',b'6'
84.75216102600098,b'\x80',b'\x04',b'\x00',b'\x02',b'\x00',b'/',b'a'
84.85708832740784,b'\x80',b'\x05',b'\x00',b'\x06',b'\x00',b'\x01',b'\x00',b'.',b'\x00',b'\x00',b'f'
84.96185398101807,b'\x81',b'\x05',b'\x00',b'\x05',b'n',b'k',b'o',b't',b't',b'g'
85.06579661369324,b'\x85',b'\x05',b'\x00',b'\x05',b'\x8a',b'\x99',b'\xb8',b'\xc1',b'r',b'I'
85.25210499763489,b'\x85',b'\x02',b'\x00',b'\x01',b'@',b't'
85.55198121070862,b'\x80',b'\x03',b'\x00',b'\x01',b'\x01',b'1'
85.75286889076233,b'\x80',b'\x04',b'\x00',b'\x02',b'\x00',b'/',b'a'
85.85694289207458,b'\x80',b'\x05',b'\x00',b'\x06',b'\x80',b'\x03',b'\x00',b'.',b'\x00',b'\x00',b'\xe8'
85.9608633518219,b'\x81',b'\x05',b'\x00',b'\x05',b'o',b'i',b'e',b'e',b'j',b'C'
86.06615233421326,b'\x85',b'\x05',b'\x00',b'\x05',b'\x87',b'\x9e',b'\xac',b'\x9e',b'\xb8',b'b'
86.25292563438416,b'\x81',b'\x02',b'\x00',b'\x01',b'\x0e',b'>'
86.55305314064026,b'\x80',b'\x03',b'\x00',b'\x01',b'\x03',b'3'
86.75290632247925,b'\x80',b'\x04',b'\x00',b'\x02',b'\x00',b'/',b'a'
86.85793113708496,b'\x80',b'\x05',b'\x00',b'\x06',b'\x00',b'\x0b',b'\x00',b'-',b'\x00',b'\x00',b'o'
86.96167659759521,b'\x81',b'\x05',b'\x00',b'\x05',b'u',b'~',b'\x81',b'\x89',b'\x9f',b'\xd3'
87.06615543365479,b'\x85',b'\x05',b'\x00',b'\x05',b'\x97',b'n',b'b',b'o',b'[',b'l'
87.55314040184021,b'\x80',b'\x03',b'\x00',b'\x01',b'\x02',b'2'
87.75283098220825,b'\x80',b'\x04',b'\x00',b'\x02',b'\x00',b'/',b'a'
87.85788893699646,b'\x80',b'\x05',b'\x00',b'\x06',b'\x00',b'\t',b'\x00',b'-',b'\x00',b'\x00',b'm'
87.96326446533203,b'\x81',b'\x05',b'\x00',b'\x05',b'\xb2',b'\xa8',b'\x8b',b'}',b'\x8d',b'&'
88.06693863868713,b'\x85',b'\x05',b'\x00',b'\x05',b'K',b'P',b'c',b'y',b'\xb3',b'e'
88.25292372703552,b'\x85',b'\x02',b'\x00',b'\x01',b'@',b't'
88.5536732673645,b'\x80',b'\x03',b'\x00',b'\x01',b'\x03',b'3'
88.75370812416077,b'\x80',b'\x04',b'\x00',b'\x02',b'\x00',b'/',b'a'
88.8580846786499,b'\x80',b'\x05',b'\x00',b'\x06',b'\x00',b'\x06',b'\x00',b'.',b'\x00',b'\x00',b'k'
88.96205568313599,b'\x81',b'\x05',b'\x00',b'\x05',b'\xa6',b'\xaf',b'\xa5',b'\x91',b'|',b'>'
89.06702542304993,b'\x85',b'\x05',b'\x00',b'\x05',b'r',b'h',b'S',b'^',b'f',"b','"
89.25418376922607,b'\x81',b'\x02',b'\x00',b'\x01',b'\x0f',b'?'
89.55392479896545,b'\x80',b'\x03',b'\x00',b'\x01',b'\x02',b'2'
89.75338292121887,b'\x80',b'\x04',b'\x00',b'\x02',b'\x00',b'/',b'a'
89.85886931419373,b'\x80',b'\x05',b'\x00',b'\x06',b'\x00',b'\x04',b'\x00',b'.',b'\x00',b'\x00',b'i'
89.9620099067688,b'\x81',b'\x05',b'\x00',b'\x05',b'l',b'd',b']',b'S',b'R',b'\t'
90.0670177936554,b'\x85',b'\x05',b'\x00',b'\x05',b'\x83',b'\xb6',b'\xb1',b'V',b'\x90',b'\x0b'
90.55426836013794,b'\x80',b'\x03',b'\x00',b'\x01',b'\x02',b'2'
90.75478649139404,b'\x80',b'\x04',b'\x00',b'\x02',b'\x00',b'/',b'a'
90.85947632789612,b'\x80',b'\x05',b'\x00',b'\x06',b'\x00',b'\x00',b'\x00',b'.',b'\x00',b'\x00',b'e'
90.96392631530762,b'\x81',b'\x05',b'\x00',b'\x05',b'g',b'\x86',b'\x95',b'\x86',b'i',b'\xa8'
91.0669195652008,b'\x85',b'\x05',b'\x00',b'\x05',b'\xa1',b'\xa4',b'\x95',b'\x86',b'd',b'\xff'
91.25470185279846,b'\x85',b'\x02',b'\x00',b'\x01',b'@',b't'
91.55496859550476,b'\x80',b'\x03',b'\x00',b'\x01',b'\x02',b'2'
91.75480532646179,b'\x80',b'\x04',b'\x00',b'\x02',b'\x00',b'/',b'a'
91.85985326766968,b'\x80',b'\x05',b'\x00',b'\x06',b'\x00',b'\x04',b'\x00',b'.',b'\x00',b'\x00',b'i'
91.9639687538147,b'\x81',b'\x05',b'\x00',b'\x05',b'W',b'Y',b'q',b'\x96',b'\xac',b'\x9a'
92.06915044784546,b'\x85',b'\x05',b'\x00',b'\x05',b'p',b'~',b'\x8b',b'`',b'Z',b'n'
92.25442743301392,b'\x81',b'\x02',b'\x00',b'\x01',b'\x0e',b'>'
92.55493402481079,b'\x80',b'\x03',b'\x00',b'\x01',b'\x07',b'7'
92.7549250125885,b'\x80',b'\x04',b'\x00',b'\x02',b'\x00',b'/',b'a'
92.85931706428528,b'\x80',b'\x05',b'\x00',b'\x06',b'\x00',b'\x0c',b'\x00',b'-',b'\x00',b'\x00',b'p'
92.96394300460815,b'\x81',b'\x05',b'\x00',b'\x05',b'\xa3',b'\x87',b'~',b'\x91',b'\xa4',b'\x14'
93.06861472129822,b'\x85',b'\x05',b'\x00',b'\x05',b'l',b'h',b'u',b'r',b's',b'i'
93.55597734451294,b'\x80',b'\x03',b'\x00',b'\x01',b'\x03',b'3'
93.75552439689636,b'\x80',b'\x04',b'\x00',b'\x02',b'\x00',b'/',b'a'
93.86107516288757,b'\x80',b'\x05',b'\x00',b'\x06',b'\x00',b'\x03',b'\x00',b'.',b'\x00',b'\x00',b'h'
93.96490836143494,b'\x81',b'\x05',b'\x00',b'\x05',b'\x9a',b'\x7f',b'o',b'u',b'~',b'\xb2'
94.06850504875183,b'\x85',b'\x05',b'\x00',b'\x05',b'v',b'\x8d',b'\xbf',b'\xfb',b'M',b'E'
94.25579309463501,b'\x85',b'\x02',b'\x00',b'\x01',b'@',b't'
94.55586647987366,b'\x80',b'\x03',b'\x00',b'\x01',b'\x05',b'5'
94.75600004196167,b'\x80',b'\x04',b'\x00',b'\x02',b'\x00',b'/',b'a'
94.86096835136414,b'\x80',b'\x05',b'\x00',b'\x06',b'\x00',b'\x06',b'\x00',b'.',b'\x00',b'\x00',b'k'
94.96535587310791,b'\x81',b'\x05',b'\x00',b'\x05',b'{',b'n',b'c',b'a',b'h',b'L'
95.0699234008789,b'\x85',b'\x05',b'\x00',b'\x05',b'\x9b',b'\xb2',b'\xa9',b'\x88',b'i',"b'""'"
95.25592827796936,b'\x81',b'\x02',b'\x00',b'\x01',b'\r',b'='
95.5560667514801,b'\x80',b'\x03',b'\x00',b'\x01',b'\x01',b'1'
95.75719690322876,b'\x80',b'\x04',b'\x00',b'\x02',b'\x00',b'/',b'a'
95.86066555976868,b'\x80',b'\x05',b'\x00',b'\x06',b'\x00',b'\x06',b'\x00',b'.',b'\x00',b'\x00',b'k'
95.96493625640869,b'\x81',b'\x05',b'\x00',b'\x05',b'p',b'o',b'i',b's',b'\x9a',b'\x8c'
96.06949305534363,b'\x85',b'\x05',b'\x00',b'\x05',b'g',b'o',b'|',b'q',b'\x9c',b'\x9a'
96.55668544769287,b'\x80',b'\x03',b'\x00',b'\x01',b'\x01',b'1'
96.75677847862244,b'\x80',b'\x04',b'\x00',b'\x02',b'\x00',b';',b'm'
96.86177062988281,b'\x80',b'\x05',b'\x00',b'\x06',b'\x80',b'\x16',b'\x00',b'6',b'\x00',b'\x00',b'\x03'
96.9658031463623,b'\x81',b'\x05',b'\x00',b'\x05',b'\xbf',b'\xba',b'\x98',b'\x89',b'\x99',b'j'
97.06994843482971,b'\x85',b'\x05',b'\x00',b'\x05',b'e',b'm',b'[',b'^',b'g',b'-'
97.2573311328888,b'\x85',b'\x02',b'\x00',b'\x01',b'@',b't'
97.55694198608398,b'\x80',b'\x03',b'\x00',b'\x01',b'\x04',b'4'
97.75688910484314,b'\x80',b'\x04',b'\x00',b'\x02',b'\x00',b';',b'm'
97.86197638511658,b'\x80',b'\x05',b'\x00',b'\x06',b'\x00',b'\x0b',b'\x00',b'9',b'\x00',b'\x00',b'{'
97.96706295013428,b'\x81',b'\x05',b'\x00',b'\x05',b'\xa2',b'\x8e',b'r',b'f',b'h',b'\xa7'
98.07083630561829,b'\x85',b'\x05',b'\x00',b'\x05',b'a',b'o',b'k',b'\xd2',b'R'
98.25680708885193,b'\x81',b'\x02',b'\x00',b'\x01',b'\r',b'='
98.55789756774902,b'\x80',b'\x03',b'\x00',b'\x01',b'\x05',b'5'
98.75791192054749,b'\x80',b'\x04',b'\x00',b'\x02',b'\x00',b';',b'm'
98.86288142204285,b'\x80',b'\x05',b'\x00',b'\x06',b'\x80',b'\x04',b'\x00',b':',b'\x00',b'\x00',b'\xf5'
98.96691942214966,b'\x81',b'\x05',b'\x00',b'\x05',b'm',b'x',b'\x82',b'~',b'k',b'\x87'
99.07197904586792,b'\x85',b'\x05',b'\x00',b'\x05',b'&',b'\x9d',b'\xc8',b'\x8f',b'\x83',b'\xd8'
99.45709753036499,b'\x80',b'\x02',b'\x00',b'\x01',b'\x01',b'0'
99.5621407032013,b'\x80',b'\x03',b'\x00',b'\x01',b'\x02',b'2'
99.75723576545715,b'\x80',b'\x04',b'\x00',b'\x02',b'\x00',b';',b'm'
99.86289954185486,b'\x80',b'\x05',b'\x00',b'\x06',b'\x00',b'\x00',b':',b'\x00',b'\x00',b'{'
99.96698999404907,b'\x81',b'\x05',b'\x00',b'\x05',b'Z',b'V',b'Z',b'k',b'\x96',b'B'
100.07113218307495,b'\x85',b'\x05',b'\x00',b'\x05',b'f',b'u',b'\xb6',b'\x9b',b'k',b'\xd2'
100.25791907310486,b'\x85',b'\x02',b'\x00',b'\x01',b'@',b't'
100.45790362358093,b'\x80',b'\x02',b'\x00',b'\x01',b'\x02',b'1'
100.56206941604614,b'\x80',b'\x03',b'\x00',b'\x01',b'\x04',b'4'
100.75890851020813,b'\x80',b'\x04',b'\x00',b'\x02',b'\x00',b';',b'm'
100.86286330223083,b'\x80',b'\x05',b'\x00',b'\x06',b'\x80',b'\x07',b'\x00',b':',b'\x00',b'\x00',b'\xf8'
100.96801424026489,b'\x81',b'\x05',b'\x00',b'\x05',b'\xc7',b'\xcf',b'\xa5',b'~',b'\x89',b'y'
101.07165765762329,b'\x85',b'\x05',b'\x00',b'\x05',b'o',b'\x82',b'H',b'\\',b'x',b'H'
101.25889682769775,b'\x81',b'\x02',b'\x00',b'\x01',b'\r',b'='
101.55890035629272,b'\x80',b'\x03',b'\x00',b'\x01',b'\x04',b'4'
101.75875854492188,b'\x80',b'\x04',b'\x00',b'\x02',b'\x00',b';',b'm'
101.86402463912964,b'\x80',b'\x05',b'\x00',b'\x06',b'\x80',b'\x0f',b'\x00',b'8',b'\x00',b'\x00',b'\xfe'
101.96719789505005,b'\x81',b'\x05',b'\x00',b'\x05',b'\xa9',b'\xa3',b'z',b'n',b'\x94',b'\xff'
102.07286071777344,b'\x85',b'\x05',b'\x00',b'\x05',b'v',b'c',b'\x82',b'\xaa',b'R',b'\x92'
102.55886936187744,b'\x80',b'\x03',b'\x00',b'\x01',b'\x04',b'4'
102.75868129730225,b'\x80',b'\x04',b'\x00',b'\x02',b'\x00',b';',b'm'
102.86492705345154,b'\x80',b'\x05',b'\x00',b'\x06',b'\x00',b'\x02',b'\x00',b':',b'\x00',b'\x00',b's'
102.9690682888031,b'\x81',b'\x05',b'\x00',b'\x05',b'\xbb',b'\xb6',b'\x91',b'q',b'e',b'\x0f'
103.07291579246521,b'\x85',b'\x05',b'\x00',b'\x05',b'[',b'\x8a',b'\xac',b'\xc4',b'\xa6',b'6'
103.25967717170715,b'\x85',b'\x02',b'\x00',b'\x01',b'@',b't'
103.5599799156189,b'\x80',b'\x03',b'\x00',b'\x01',b'\x02',b'2'
103.75997996330261,b'\x80',b'\x04',b'\x00',b'\x02',b'\x00',b';',b'm'
103.86374926567078,b'\x80',b'\x05',b'\x00',b'\x06',b'\x80',b'\x08',b'\x00',b':',b'\x00',b'\x00',b'\xf9'
103.96890330314636,b'\x81',b'\x05',b'\x00',b'\x05',b'f',b'j',b'i',b'g',b'o',b'F'
104.0731348991394,b'\x85',b'\x05',b'\x00',b'\x05',b'\x01',b'j',b'a',b'm',b'/',b'\xa3'
104.26024651527405,b'\x81',b'\x02',b'\x00',b'\x01',b'\x0e',b'>'
104.56027865409851,b'\x80',b'\x03',b'\x00',b'\x01',b'\x01',b'1'
104.75969767570496,b'\x80',b'\x04',b'\x00',b'\x02',b'\x00',b';',b'm'
104.86490941047668,b'\x80',b'\x05',b'\x00',b'\x06',b'\x80',b'\x18',b'\x00',b'5',b'\x00',b'\x00',b'\x04'
104.96891474723816,b'\x81',b'\x05',b'\x00',b'\x05',b'\x85',b'\x8c',b't',b'X',b'j',b'~'
105.07391214370728,b'\x85',b'\x05',b'\x00',b'\x05',b'i',b'{',b'{',b'r',b'n',b'z'
105.56015276908875,b'\x80',b'\x03',b'\x00',b'\x01',b'\x07',b'7'
105.76061487197876,b'\x80',b'\x04',b'\x00',b'\x02',b'\x00',b';',b'm'
105.86586713790894,b'\x80',b'\x05',b'\x00',b'\x06',b'\x80',b'\r',b'\x00',b'9',b'\x00',b'\x00',b'\xfd'
105.9701600074768,b'\x81',b'\x05',b'\x00',b'\x05',b'\xa3',b'\xc1',b'\x9c',b'\\',b'G',b'\xda'
106.07335090637207,b'\x85',b'\x05',b'\x00',b'\x05',b'y',b'm',b'e',b'\x85',b'Z',b'e'
106.26084852218628,b'\x85',b'\x02',b'\x00',b'\x01',b'@',b't'
106.56084132194519,b'\x80',b'\x03',b'\x00',b'\x01',b'\x01',b'1'
106.66470122337341,b'\x07',b'\x07',b'\x00',b'\x01',b'\x00',b'\xbb'
106.7687771320343,b'\x80',b'\x04',b'\x00',b'\x02',b'\x00',b';',b'm'
106.87394738197327,b'\x80',b'\x05',b'\x00',b'\x06',b'\x80',b'#',b'\x00',b'/',b'\x00',b'\x00',b'\t'
106.9787814617157,b'\x81',b'\x05',b'\x00',b'\x05',b'm',b'\x97',b'\x98',b'\x81',b'\x7f',b'\xd3'
107.08219385147095,b'\x85',b'\x05',b'\x00',b'\x05',b'\xb3',b'[',b'\x83',b'\xbf',b'\xc6',b'Q'
107.26025676727295,b'\x81',b'\x02',b'\x00',b'\x01',b'\x0e',b'>'
107.56031107902527,b'\x80',b'\x03',b'\x00',b'\x01',b'\x03',b'3'
107.66475057601929,b'\x07',b'\x07',b'\x00',b'\x01',b'\x01',b'\xbc'
107.76992678642273,b'\x80',b'\x04',b'\x00',b'\x02',b'\x00',b';',b'm'
107.87492442131042,b'\x80',b'\x05',b'\x00',b'\x06',b'\x80',b'\x03',b'\x00',b':',b'\x00',b'\x00',b'\xf4'
107.97896695137024,b'\x81',b'\x05',b'\x00',b'\x05',b'\x95',b'\x9e',b'\x88',b'l',b'e',b'\xc3'
108.08383870124817,b'\x85',b'\x05',b'\x00',b'\x05',b'\x8c',b'\x91',b'\xf4',b'\x7f',b'n',b'9'
108.56183695793152,b'\x80',b'\x03',b'\x00',b'\x01',b'\x04',b'4'
108.66574907302856,b'\x07',b'\x07',b'\x00',b'\x01',b'\x00',b'\xbb'
108.77000212669373,b'\x80',b'\x04',b'\x00',b'\x02',b'\x00',b';',b'm'
108.87503910064697,b'\x80',b'\x05',b'\x00',b'\x06',b'\x80',b' ',b'\x00',b'1',b'\x00',b'\x00',b'\x08'
108.97928309440613,b'\x81',b'\x05',b'\x00',b'\x05',b'p',b'x',b's',b'j',b'p',b'l'
109.08370876312256,b'\x85',b'\x05',b'\x00',b'\x05',b'p',b'k',b'g',b'{',b'g',b'_'
109.2621681690216,b'\x85',b'\x02',b'\x00',b'\x01',b'C',b'w'
109.56146192550659,b'\x80',b'\x03',b'\x00',b'\x01',b'\x03',b'3'
109.76295924186707,b'\x80',b'\x04',b'\x00',b'\x02',b'\x00',b';',b'm'
109.86683535575867,b'\x80',b'\x05',b'\x00',b'\x06',b'\x80',b'(',b'\x00',b'*',b'\x00',b'\x00',b'\t'
109.97213625907898,b'\x81',b'\x05',b'\x00',b'\x05',b'\x8e',b'\xb5',b'\xc1',b'\x9e',b'i',b'B'
110.07589673995972,b'\x85',b'\x05',b'\x00',b'\x05',b'h',b'\x83',b'a',b't',b'\x83',b'~'
110.26274299621582,b'\x81',b'\x02',b'\x00',b'\x01',b'\r',b'='
110.56285095214844,b'\x80',b'\x03',b'\x00',b'\x01',b'\x02',b'2'
110.66663789749146,b'\x07',b'\x07',b'\x00',b'\x01',b'\x01',b'\xbc'
110.77201652526855,b'\x80',b'\x04',b'\x00',b'\x02',b'\x00',b';',b'm'
110.87681722640991,b'\x80',b'\x05',b'\x00',b'\x06',b'\x80',b'\x17',b'\x00',b'5',b'\x00',b'\x00',b'\x03'
110.98139667510986,b'\x81',b'\x05',b'\x00',b'\x05',b'P',b'b',b'\x7f',b'~',b']',b'C'
111.08471846580505,b'\x85',b'\x05',b'\x00',b'\x05',b'{',b'\xa1',b'\x9c',b'\xd3',b'c',b')'
111.4629876613617,b'\x80',b'\x02',b'\x00',b'\x01',b'\x01',b'0'
111.56602382659912,b'\x80',b'\x03',b'\x00',b'\x01',b'\x01',b'1'
111.6719319820404,b'\x07',b'\x07',b'\x00',b'\x01',b'\x00',b'\xbb'
111.77596044540405,b'\x80',b'\x04',b'\x00',b'\x02',b'\x00',b';',b'm'
111.88085103034973,b'\x80',b'\x05',b'\x00',b'\x06',b'\x80',b'\x10',b'\x00',b'8',b'\x00',b'\x00',b'\xff'
111.9859893321991,b'\x81',b'\x05',b'\x00',b'\x05',b'A',b'G',b'e',b'}',b'\x81',"b'""'"
112.09009647369385,b'\x85',b'\x05',b'\x00',b'\x05',b'\xc4',b'\xaf',b'\x96',b'\x9a',b'\x8e',b'l'
112.26387739181519,b'\x85',b'\x02',b'\x00',b'\x01',b'F',b'z'
112.46402740478516,b'\x80',b'\x02',b'\x00',b'\x01',b'\x02',b'1'
112.56723499298096,b'\x80',b'\x03',b'\x00',b'\x01',b'\x02',b'2'
112.67184019088745,b'\x07',b'\x07',b'\x00',b'\x01',b'\x01',b'\xbc'
112.77656960487366,b'\x80',b'\x04',b'\x00',b'\x02',b'\x00',b';',b'm'
112.88183522224426,b'\x80',b'\x05',b'\x00',b'\x06',b'\x80',b'\x17',b'\x00',b'6',b'\x00',b'\x00',b'\x04'
112.98593163490295,b'\x81',b'\x05',b'\x00',b'\x05',b'y',b'q',b't',b'\x88',b'\xa6',b'\xc3'
113.09098982810974,b'\x85',b'\x05',b'\x00',b'\x05',b'\x89',b'b',b'K',b'\\',b'j',b'7'
113.26393365859985,b'\x81',b'\x02',b'\x00',b'\x01',b'\r',b'='
113.56390476226807,b'\x80',b'\x03',b'\x00',b'\x01',b'\x03',b'3'
113.6681158542633,b'\x07',b'\x07',b'\x00',b'\x01',b'\x00',b'\xbb'
113.77263236045837,b'\x80',b'\x04',b'\x00',b'\x02',b'\x00',b';',b'm'
113.87790560722351,b'\x80',b'\x05',b'\x00',b'\x06',b'\x80',b')',b'\x00',b')',b'\x00',b'\x00',b'\t'
113.98133707046509,b'\x81',b'\x05',b'\x00',b'\x05',b'\xb4',b'\xaa',b'\x9f',b'\xa5',b'\xac',b'\x85'
114.08590865135193,b'\x85',b'\x05',b'\x00',b'\x05',b'c',b'\xa8',b'\x80',b'P',b'h',b'~'
114.56350874900818,b'\x80',b'\x03',b'\x00',b'\x01',b'\x04',b'4'
114.76475381851196,b'\x80',b'\x04',b'\x00',b'\x02',b'\x00',b';',b'm'
114.86894011497498,b'\x80',b'\x05',b'\x00',b'\x06',b'\x80',b'\x11',b'\x00',b'8',b'\x00',b'\x00',b'\x00'
114.97396922111511,b'\x81',b'\x05',b'\x00',b'\x05',b'\xa4',b'\x93',b'\x87',b'{',b'd',b'\xd4'
115.07739233970642,b'\x85',b'\x05',b'\x00',b'\x05',b'|',b'w',b'8',b'q',b'\x8f',b'f'
115.2650260925293,b'\x85',b'\x02',b'\x00',b'\x01',b'I',b'}'
115.56493473052979,b'\x80',b'\x03',b'\x00',b'\x01',b'\x02',b'2'
115.66892552375793,b'\x07',b'\x07',b'\x00',b'\x01',b'\x01',b'\xbc'
115.77378368377686,b'\x80',b'\x04',b'\x00',b'\x02',b'\x00',b'/',b'a'
115.87905406951904,b'\x80',b'\x05',b'\x00',b'\x06',b'\x00',b'\x05',b'\x00',b'.',b'\x00',b'\x00',b'j'
115.98291611671448,b'\x81',b'\x05',b'\x00',b'\x05',b'J',b'G',b'f',b'\x8f',b'\x9c',b'Y'
116.08696937561035,b'\x85',b'\x05',b'\x00',b'\x05',b'\x93',b'Q',b'\xa4',b'\xbd',b'\x9f',b'\x1f'
116.26434469223022,b'\x81',b'\x02',b'\x00',b'\x01',b'\r',b'='
116.46510052680969,b'\x80',b'\x02',b'\x00',b'\x01',b'\x01',b'0'
116.5687267780304,b'\x80',b'\x03',b'\x00',b'\x01',b'\x01',b'1'
116.76419591903687,b'\x80',b'\x04',b'\x00',b'\x02',b'\x00',b'/',b'a'
116.87100505828857,b'\x80',b'\x05',b'\x00',b'\x06',b'\x80',b'\x16',b'\x00',b')',b'\x00',b'\x00',b'\xf6'
116.97483134269714,b'\x81',b'\x05',b'\x00',b'\x05',b'\x84',b'k',b'h',b'n',b'e',b'a'
117.07895064353943,b'\x85',b'\x05',b'\x00',b'\x05',b'\xc4',b'\x98',b'u',b'm',b'^',b'\xd7'
117.46567559242249,b'\x80',b'\x02',b'\x00',b'\x01',b'\x02',b'1'
117.56990671157837,b'\x80',b'\x03',b'\x00',b'\x01',b'\x10',b'@'
117.76590776443481,b'\x80',b'\x04',b'\x00',b'\x02',b'\x00',b'/',b'a'
117.86980891227722,b'\x80',b'\x05',b'\x00',b'\x06',b'\x00',b'\x00',b'\x00',b'.',b'\x00',b'\x00',b'e'
117.97487354278564,b'\x81',b'\x05',b'\x00',b'\x05',b'\\',b'j',b'\x7f',b'\x80',b'{',b'w'
118.0781102180481,b'\x85',b'\x05',b'\x00',b'\x05',b'Y',b'm',b'o',b'\x1e',b'U',b'\xe3'
118.26585960388184,b'\x85',b'\x02',b'\x00',b'\x01',b'K',b'\x7f'
118.56497693061829,b'\x80',b'\x03',b'\x00',b'\x01',b'\x0e',b'>'
118.76594305038452,b'\x80',b'\x04',b'\x00',b'\x02',b'\x00',b'/',b'a'
118.87010788917542,b'\x80',b'\x05',b'\x00',b'\x06',b'\x00',b'\x00',b'\x00',b'.',b'\x00',b'\x00',b'e'
118.97490239143372,b'\x81',b'\x05',b'\x00',b'\x05',b'\x8e',b'\xb4',b'\xc9',b'\xbc',b'\x9b',b'\x99'
119.07889604568481,b'\x85',b'\x05',b'\x00',b'\x05',b'n',b's',b'f',b'\xd2',b'K',b'\x9f'
119.26508903503418,b'\x81',b'\x02',b'\x00',b'\x01',b'\r',b'='
119.56585216522217,b'\x80',b'\x03',b'\x00',b'\x01',b'A',b'q'
119.76650333404541,b'\x80',b'\x04',b'\x00',b'\x02',b'\x00',b'/',b'a'
119.87150311470032,b'\x80',b'\x05',b'\x00',b'\x06',b'\x00',b'\x08',b'\x00',b'.',b'\x00',b'\x00',b'm'
119.97608613967896,b'\x81',b'\x05',b'\x00',b'\x05',b'v',b'`',b'g',b'r',b'W',b'='
120.07992839813232,b'\x85',b'\x05',b'\x00',b'\x05',b'\xfe',b'\xd2',b'\xe1',b'\xfd',b'D',b'-'
120.56689620018005,b'\x80',b'\x03',b'\x00',b'\x01',b'8',b'h'
120.76683902740479,b'\x80',b'\x04',b'\x00',b'\x02',b'\x00',b'/',b'a'
120.87086248397827,b'\x80',b'\x05',b'\x00',b'\x06',b'\x00',b'\x03',b'\x00',b'.',b'\x00',b'\x00',b'h'
120.97604393959045,b'\x81',b'\x05',b'\x00',b'\x05',b'.',b'?',b'\x8d',b'\xb4',b'\x81',b'f'
121.07935738563538,b'\x85',b'\x05',b'\x00',b'\x05',b'\x92',b'F',b'\x89'
121.26683473587036,b'\x85',b'\x02',b'\x00',b'\x01',b'K',b'\x7f'
121.56674361228943,b'\x80',b'\x03',b'\x00',b'\x01',b'V',b'\x86'
121.76693892478943,b'\x80',b'\x04',b'\x00',b'\x02',b'\x00',b'/',b'a'
121.87200427055359,b'\x80',b'\x05',b'\x00',b'\x06',b'\x00',b'\x06',b'\x00',b'.',b'\x00',b'\x00',b'k'
121.97592234611511,b'\x81',b'\x05',b'\x00',b'\x05',b'R',b'\x81',b'\xd8',b'\xe8',b'\xad',b'w'
122.08089399337769,b'\x85',b'\x05',b'\x00',b'\x05',b'\x17',b'\xc6',b'L',b'\xd4',b'\x11',b'I'
122.26693820953369,b'\x81',b'\x02',b'\x00',b'\x01',b'\r',b'='
122.56594347953796,b'\x80',b'\x03',b'\x00',b'\x01',b'\x1a',b'J'
122.67154359817505,b'\x07',b'\x07',b'\x00',b'\x01',b'\x00',b'\xbb'
122.77590084075928,b'\x80',b'\x04',b'\x00',b'\x02',b'\x00',b'/',b'a'
122.88191652297974,b'\x80',b'\x05',b'\x00',b'\x06',b'\x00',b'\x17',b'\x00',b'(',b'\x00',b'\x00',b'v'
122.98576211929321,b'\x81',b'\x05',b'\x00',b'\x05',b'p',b'I',b'1',b'6',b'U',b'\xac'
123.08999562263489,b'\x85',b'\x05',b'\x00',b'\x05'
123.56765460968018,b'\x80',b'\x03',b'\x00',b'\x01',b'd',b'\x94'
123.67198133468628,b'\x07',b'\x07',b'\x00',b'\x01',b'\x01',b'\xbc'
123.77695870399475,b'\x80',b'\x04',b'\x00',b'\x02',b'\x00',b'/',b'a'
123.88167405128479,b'\x80',b'\x05',b'\x00',b'\x06',b'\x00',b'\x00',b'\x00',b'.',b'\x00',b'\x00',b'e'
123.98540997505188,b'\x81',b'\x05',b'\x00',b'\x05',b'X',b'8',b'O',b'\xbd',b'\t',b'\xdc'
124.09034013748169,b'\x85',b'\x05',b'\x00',b'\x05',b'd',b'\xa2',b'\x83',b'\xfc',b'\x94'
124.26772165298462,b'\x85',b'\x02',b'\x00',b'\x01',b'K',b'\x7f'
124.56727051734924,b'\x80',b'\x03',b'\x00',b'\x01',b'C',b's'
124.7686550617218,b'\x80',b'\x04',b'\x00',b'\x02',b'\x00',b'/',b'a'
124.87400221824646,b'\x80',b'\x05',b'\x00',b'\x06',b'\x80',b'\x0b',b'\x00',b'-',b'\x00',b'\x00',b'\xef'
124.97701525688171,b'\x81',b'\x05',b'\x00',b'\x05',b'\xbe',b'.',b'\xfe',b'D',b'\x81',b'\xe6'
125.08173680305481,b'\x85',b'\x05',b'\x00',b'\x05',b'\xae',b'n',b'\x95',b'\xd9',b'\x93',b'X'
125.26891994476318,b'\x81',b'\x02',b'\x00',b'\x01',b'\r',b'='
125.56825375556946,b'\x80',b'\x03',b'\x00',b'\x01',b'\x0f',b'?'
125.76894021034241,b'\x80',b'\x04',b'\x00',b'\x02',b'\x00',b'/',b'a'
125.87298202514648,b'\x80',b'\x05',b'\x00',b'\x06',b'\x80',b'\t',b'\x00',b'-',b'\x00',b'\x00',b'\xed'
125.97790503501892,b'\x81',b'\x05',b'\x00',b'\x05',b'`',b'\x16',b'\x00',"b','",b'b',b';'
126.08093690872192,b'\x85',b'\x05',b'\x00',b'\x05',b'\x07',b'\xea',b'\xf6',b'\xb3',b'\xa3',b'x'
126.56890368461609,b'\x80',b'\x03',b'\x00',b'\x01',b'B',b'r'
126.76891350746155,b'\x80',b'\x04',b'\x00',b'\x02',b'\x00',b'/',b'a'
126.87389588356018,b'\x80',b'\x05',b'\x00',b'\x06',b'\x00',b'\x12',b'\x00',b'+',b'\x00',b'\x00',b't'
126.977698802948,b'\x81',b'\x05',b'\x00',b'\x05',b'a',b'1',b'\x1c',b'Q',b'\x94',b'\xca'
127.0829210281372,b'\x85',b'\x05',b'\x00',b'\x05',b'C',b'\xce',b'\x04',b'\xa7',b'\xcc',b'\xc3'
127.18609762191772,b'\x01',b'\x01',b'\x00',b'\x01',b'\x0f',b'\xbe'
127.29103398323059,b'\x85',b'\x02',b'\x00',b'\x01',b'K',b'\x7f'
127.5693998336792,b'\x80',b'\x03',b'\x00',b'\x01',b'\x19',b'I'
127.77008819580078,b'\x80',b'\x04',b'\x00',b'\x02',b'\x00',b'/',b'a'
127.87491726875305,b'\x80',b'\x05',b'\x00',b'\x06',b'\x00',b'\x03',b'\x00',b'.',b'\x00',b'\x00',b'h'
127.97810578346252,b'\x81',b'\x05',b'\x00',b'\x05',b'\x8b',b'=',b'\x07',b'\x17',b'F',b'c'
128.0829107761383,b'\x85',b'\x05',b'\x00',b'\x05',b'\xc1',b'Q',b'\xc6',b'\xad',b'\xcd',b'\x8d'
128.269535779953,b'\x81',b'\x02',b'\x00',b'\x01',b'\x0c',b'<'
128.56971430778503,b'\x80',b'\x03',b'\x00',b'\x01',b'=',b'm'
128.76989603042603,b'\x80',b'\x04',b'\x00',b'\x02',b'\x00',b'/',b'a'
128.87491607666016,b'\x80',b'\x05',b'\x00',b'\x06',b'\x80',b'\t',b'\x00',b'-',b'\x00',b'\x00',b'\xed'
128.9783902168274,b'\x81',b'\x05',b'\x00',b'\x05',b's',b'\xa3',b'\xbf',b'\x9f',b'P',b'\xfb'
129.08412051200867,b'\x85',b'\x05',b'\x00',b'\x05',b'\x1f',b'\x18',b'\t',b'\\',b'\xc4',b'\x9b'
129.57093572616577,b'\x80',b'\x03',b'\x00',b'\x01',b'\x0f',b'?'
129.77096128463745,b'\x80',b'\x04',b'\x00',b'\x02',b'\x00',b'/',b'a'
129.87585020065308,b'\x80',b'\x05',b'\x00',b'\x06',b'\x00',b'\x02',b'\x00',b'.',b'\x00',b'\x00',b'g'
129.9795639514923,b'\x81',b'\x05',b'\x00',b'\x05',b'!',b'A',b'\x8f',b'\xc7',b'\xcb',b'\xba'
130.08374881744385,b'\x85',b'\x05',b'\x00',b'\x05',b'\xe0',b'\xab',b'\xde',b'Y',b'\xb4',b'\xb1'
130.27074790000916,b'\x85',b'\x02',b'\x00',b'\x01',b'K',b'\x7f'
130.57088017463684,b'\x80',b'\x03',b'\x00',b'\x01',b'@',b'p'
130.77088832855225,b'\x80',b'\x04',b'\x00',b'\x02',b'\x00',b'/',b'a'
130.8759241104126,b'\x80',b'\x05',b'\x00',b'\x06',b'\x00',b'\x07',b'\x00',b'.',b'\x00',b'\x00',b'l'
130.98090720176697,b'\x81',b'\x05',b'\x00',b'\x05',b'\xac',b'\x8f',b'\x89',b'\x9a',b'\xc0',b'U'
131.08491396903992,b'\x85',b'\x05',b'\x00',b'\x05',b'!',b'z',b'\x13',b'\x11',b'H',b'B'
131.27121829986572,b'\x81',b'\x02',b'\x00',b'\x01',b'\x0c',b'<'
131.570867061615,b'\x80',b'\x03',b'\x00',b'\x01',b'\x14',b'D'
131.77189540863037,b'\x80',b'\x04',b'\x00',b'\x02',b'\x00',b'/',b'a'
131.8758203983307,b'\x80',b'\x05',b'\x00',b'\x06',b'\x00',b'\x04',b'\x00',b'.',b'\x00',b'\x00',b'i'
131.9798285961151,b'\x81',b'\x05',b'\x00',b'\x05',b'\xf6',b'\x10',b'\xcf',b'M',b'\x03',b'\\'
132.08511018753052,b'\x85',b'\x05',b'\x00',b'\x05',b'\x05',b'\xc9',b'\xfa',b'x',b'\xa1',b'\x1c'
132.57158851623535,b'\x80',b'\x03',b'\x00',b'\x01',b'K',b'{'
132.77186226844788,b'\x80',b'\x04',b'\x00',b'\x02',b'\x00',b'/',b'a'
132.87681245803833,b'\x80',b'\x05',b'\x00',b'\x06',b'\x80',b'\x00',b'-',b'\x00',b'\x00',b'\xee'
132.98045468330383,b'\x81',b'\x05',b'\x00',b'\x05',b'-',b'}',b'\x8c',b'g',b'^',b'2'
133.08491206169128,b'\x85',b'\x05',b'\x00',b'\x05',b'\x03',b'\xd7',b'\xdb',b'\xf7',b'\x1a',b'\x01'
133.27499985694885,b'\x85',b'\x02',b'\x00',b'\x01',b'K',b'\x7f'
133.5719051361084,b'\x80',b'\x03',b'\x00',b'\x01',b'Y',b'\x89'
133.77291417121887,b'\x80',b'\x04',b'\x00',b'\x02',b'\x00',b'/',b'a'
133.87636613845825,b'\x80',b'\x05',b'\x00',b'\x06',b'\x00',b'\x04',b'\x00',b'.',b'\x00',b'\x00',b'i'
133.98010659217834,b'\x81',b'\x05',b'\x00',b'\x05',b'\x8d',b'\xce',b'\xe5',b'\xb9',b'x',b'\xa8'
134.08500933647156,b'\x85',b'\x05',b'\x00',b'\x05',b'\xf8',b'\xf5',b'j',b':',b'\xa8',b't'
134.27301907539368,b'\x81',b'\x02',b'\x00',b'\x01',b'\x0c',b'<'
134.572838306427,b'\x80',b'\x03',b'\x00',b'\x01',b'W',b'\x87'
134.77206897735596,b'\x80',b'\x04',b'\x00',b'\x02',b'\x00',b'/',b'a'
134.87809228897095,b'\x80',b'\x05',b'\x00',b'\x06',b'\x00',b'\x02',b'\x00',b'.',b'\x00',b'\x00',b'g'
134.98194551467896,b'\x81',b'\x05',b'\x00',b'\x05',b'g',b'\x8d',b'\xa8',b'\x9b',b'\x93',b'\x01'
135.08691263198853,b'\x85',b'\x05',b'\x00',b'\x05',b'\xe3',b'\xe6',b'm',b'\xfe',b'\x98',b'\x07'
135.5730037689209,b'\x80',b'\x03',b'\x00',b'\x01',b'I',b'y'
135.77294516563416,b'\x80',b'\x04',b'\x00',b'\x02',b'\x00',b'/',b'a'
135.8782079219818,b'\x80',b'\x05',b'\x00',b'\x06',b'\x80',b'\x12',b'\x00',b'+',b'\x00',b'\x00',b'\xf4'
135.98290824890137,b'\x81',b'\x05',b'\x00',b'\x05',b'\xa6',b'\xa2',b'z',b'|',b'\xbb',b'0'
136.08663368225098,b'\x85',b'\x05',b'\x00',b'\x05',b'\xb4',b'\xa0',b'\xb8',b'\xc7',b'\xc8',b'\xd6'
136.27296781539917,b'\x85',b'\x02',b'\x00',b'\x01',b'K',b'\x7f'
136.573965549469,b'\x80',b'\x03',b'\x00',b'\x01',b'/',b'_'
136.67685627937317,b'\x07',b'\x07',b'\x00',b'\x01',b'\x00',b'\xbb'
136.78127574920654,b'\x80',b'\x04',b'\x00',b'\x02',b'\x00',b'/',b'a'
136.88698363304138,b'\x80',b'\x05',b'\x00',b'\x06',b'\x80',b'\x06',b'\x00',b'.',b'\x00',b'\x00',b'\xeb'
136.990882396698,b'\x81',b'\x05',b'\x00',b'\x05',b'\xc1',b'<',b'\xad',b'\xd4',b'\x94',b'I'
137.09592747688293,b'\x85',b'\x05',b'\x00',b'\x05',b'N',"b'""'",b'Z',b'\x13',b'\xd9',b'\xf1'
137.27407670021057,b'\x81',b'\x02',b'\x00',b'\x01',b'\r',b'='
137.57381582260132,b'\x80',b'\x03',b'\x00',b'\x01',b'4',b'd'
137.67707657814026,b'\x07',b'\x07',b'\x00',b'\x01',b'\x01',b'\xbc'
137.78207635879517,b'\x80',b'\x04',b'\x00',b'\x02',b'\x00',b'/',b'a'
137.88708925247192,b'\x80',b'\x05',b'\x00',b'\x06',b'\x00',b'\x04',b'\x00',b'.',b'\x00',b'\x00',b'i'
137.99116230010986,b'\x81',b'\x05',b'\x00',b'\x05',b'\x15',b'\xe0',b's',b'b',b'\x92',b'\x93'
138.09624314308167,b'\x85',b'\x05',b'\x00',b'\x05',b's',b'\xae',b'\x8f',b'\xd9',b'\xce'
138.57299947738647,b'\x80',b'\x03',b'\x00',b'\x01',b'd',b'\x94'
138.77422714233398,b'\x80',b'\x04',b'\x00',b'\x02',b'\x00',b'/',b'a'
138.87820315361023,b'\x80',b'\x05',b'\x00',b'\x06',b'\x80',b'\x0b',b'\x00',b'-',b'\x00',b'\x00',b'\xef'
138.98317074775696,b'\x81',b'\x05',b'\x00',b'\x05',b'\x87',b'9',b'\x1a',b'l',b'\xec',b'i'
139.08716750144958,b'\x85',b'\x05',b'\x00',b'\x05',b'\xb4',b'\xc6',b'\x84',b'\xb8',b'\xd1',b'\xc2'
139.27501344680786,b'\x85',b'\x02',b'\x00',b'\x01',b'M',b'\x81'
139.57473349571228,b'\x80',b'\x03',b'\x00',b'\x01',b'9',b'i'
139.77461099624634,b'\x80',b'\x04',b'\x00',b'\x02',b'\x00',b'/',b'a'
139.87971806526184,b'\x80',b'\x05',b'\x00',b'\x06',b'\x80',b'\x07',b'\x00',b'.',b'\x00',b'\x00',b'\xec'
139.98394012451172,b'\x81',b'\x05',b'\x00',b'\x05',b'!',b'\xe9',b'\x89',b'U',b'[',b'z'
140.0889356136322,b'\x85',b'\x05',b'\x00',b'\x05',b'\x1f',b'\xfd',b'5',b'J',b'I',b'\x1f'
140.27519845962524,b'\x81',b'\x02',b'\x00',b'\x01',b'\r',b'='
140.57500195503235,b'\x80',b'\x03',b'\x00',b'\x01',b':'
140.7747392654419,b'\x80',b'\x04',b'\x00',b'\x02',b'\x00',b'/',b'a'
140.87975406646729,b'\x80',b'\x05',b'\x00',b'\x06',b'\x00',b'\x0b',b'\x00',b'-',b'\x00',b'\x00',b'o'
140.9831874370575,b'\x81',b'\x05',b'\x00',b'\x05',b'_',b';',b'\x11',b'$',b's',b'y'
141.0876750946045,b'\x85',b'\x05',b'\x00',b'\x05',b'\xb1',b'\xd4',b'\xe3',b'\xe9',b'f',b'\xf2'
141.57589077949524,b'\x80',b'\x03',b'\x00',b'\x01',b'\x07',b'7'
141.67889976501465,b'\x07',b'\x07',b'\x00',b'\x01',b'\x00',b'\xbb'
141.78424048423767,b'\x80',b'\x04',b'\x00',b'\x02',b'\x00',b'/',b'a'
141.88859510421753,b'\x80',b'\x05',b'\x00',b'\x06',b'\x80',b'\x13',b'\x00',b'*',b'\x00',b'\x00',b'\xf4'
141.9927442073822,b'\x81',b'\x05',b'\x00',b'\x05',b'\xad',b'\x99',b'h',b'x',b'\xc8',b'%'
142.09694600105286,b'\x85',b'\x05',b'\x00',b'\x05',b' ',b'\x14',b'I',b'\x90',b'\xdc',b'$'
142.2758948802948,b'\x85',b'\x02',b'\x00',b'\x01',b'P',b'\x84'
142.57584476470947,b'\x80',b'\x03',b'\x00',b'\x01',b'\r',b'='
142.6798334121704,b'\x07',b'\x07',b'\x00',b'\x01',b'\x01',b'\xbc'
142.78495454788208,b'\x80',b'\x04',b'\x00',b'\x02',b'\x00',b'/',b'a'
142.89006161689758,b'\x80',b'\x05',b'\x00',b'\x06',b'\x80',b'\x0f',b'\x00',"b','",b'\x00',b'\x00',b'\xf2'
142.99331617355347,b'\x81',b'\x05',b'\x00',b'\x05',b'\xf6',b'\xc6',b'{',b'z',b'\xb5',b'\x9d'
143.0979301929474,b'\x85',b'\x05',b'\x00',b'\x05',b'`',b'2',b'\xc5',b'\xdf',b'\x0e',b'\x7f'
143.27639722824097,b'\x81',b'\x02',b'\x00',b'\x01',b'\x0c',b'<'
143.4756679534912,b'\x80',b'\x02',b'\x00',b'\x01',b'\x01',b'0'
143.57991480827332,b'\x80',b'\x03',b'\x00',b'\x01',b'\x08',b'8'
143.68458700180054,b'\x07',b'\x07',b'\x00',b'\x01',b'\x00',b'\xbb'
143.78785300254822,b'\x80',b'\x04',b'\x00',b'\x02',b'\x00',b'/',b'a'
143.89356350898743,b'\x80',b'\x05',b'\x00',b'\x06',b'\x80',b'\x11',b'\x00',b'+',b'\x00',b'\x00',b'\xf3'
143.9989082813263,b'\x81',b'\x05',b'\x00',b'\x05',b'\xbf',b'q',b'+',b'@',b'\x8c',b'^'
144.10267448425293,b'\x85',b'\x05',b'\x00',b'\x05',b';',b'F',b'\x08',b'\x17',b'\xbb',b'\x96'
144.47694492340088,b'\x80',b'\x02',b'\x00',b'\x01',b'\x02',b'1'
144.5806713104248,b'\x80',b'\x03',b'\x00',b'\x01',b'\x05',b'5'
144.6851077079773,b'\x07',b'\x07',b'\x00',b'\x01',b'\x01',b'\xbc'
144.78975176811218,b'\x80',b'\x04',b'\x00',b'\x02',b'\x00',b'/',b'a'
144.8941023349762,b'\x80',b'\x05',b'\x00',b'\x06',b'\x80',b'\x08',b'\x00',b'.',b'\x00',b'\x00',b'\xed'
144.99894213676453,b'\x81',b'\x05',b'\x00',b'\x05',b'\xc3',b'\xe0',b'\xf6',b'\xe4',b'\x83',b'7'
145.10275411605835,b'\x85',b'\x05',b'\x00',b'\x05',b'\xa9',b'\xe2',b'\x99',b'\xf7',b'\x12',b'h'
145.27619791030884,b'\x85',b'\x02',b'\x00',b'\x01',b'S',b'\x87'
145.57704424858093,b'\x80',b'\x03',b'\x00',b'\x01',b'\x04',b'4'
145.68083548545837,b'\x07',b'\x07',b'\x00',b'\x01',b'\x00',b'\xbb'
145.78495502471924,b'\x80',b'\x04',b'\x00',b'\x02',b'\x00',b'/',b'a'
145.88945960998535,b'\x80',b'\x05',b'\x00',b'\x06',b'\x80',b'\x16',b'\x00',b')',b'\x00',b'\x00',b'\xf6'
145.9948227405548,b'\x81',b'\x05',b'\x00',b'\x05',b'\x00',b'\xb2',b'\xc5',b'\x1b',b'w',b'@'
146.09856462478638,b'\x85',b'\x05',b'\x00',b'\x05',b'\x81',b'\x1f',b'I',b'\xc2',b'%',b'\x0b'
146.27683639526367,b'\x81',b'\x02',b'\x00',b'\x01',b'\r',b'='
146.57753252983093,b'\x80',b'\x03',b'\x00',b'\x01',b'\x05',b'5'
146.6806559562683,b'\x07',b'\x07',b'\x00',b'\x01',b'\x01',b'\xbc'
146.78575778007507,b'\x80',b'\x04',b'\x00',b'\x02',b'\x00',b'/',b'a'
146.89093780517578,b'\x80',b'\x05',b'\x00',b'\x06',b'\x80',b'\x05',b'\x00',b'.',b'\x00',b'\x00',b'\xea'
146.99489164352417,b'\x81',b'\x05',b'\x00',b'\x05',b'\x9b',b'{',b'W',b'k',b'\x9d',b'\xac'
147.09941267967224,b'\x85',b'\x05',b'\x00',b'\x05',b'\xcb',b'\x1e',b'\xbf',b'\xb8',b'{',b'\x16'
147.57765674591064,b'\x80',b'\x03',b'\x00',b'\x01',b'\x02',b'2'
147.777907371521,b'\x80',b'\x04',b'\x00',b'\x02',b'\x00',b'/',b'a'
147.88230156898499,b'\x80',b'\x05',b'\x00',b'\x06',b'\x80',b'\x08',b'\x00',b'.',b'\x00',b'\x00',b'\xed'
147.98630285263062,b'\x81',b'\x05',b'\x00',b'\x05',b'\xab',b'\x95',b'\x93',b'\xb0',b'\xba',b't'
148.09083533287048,b'\x85',b'\x05',b'\x00',b'\x05',b'Y',b'\xea',b'\x10',b'\x12',b'>',b'\xde'
148.27788138389587,b'\x85',b'\x02',b'\x00',b'\x01',b'V',b'\x8a'
148.57769918441772,b'\x80',b'\x03',b'\x00',b'\x01',b'\x08',b'8'
148.77887320518494,b'\x80',b'\x04',b'\x00',b'\x02',b'\x00',b'/',b'a'
148.88254928588867,b'\x80',b'\x05',b'\x00',b'\x06',b'\x80',b'\x0b',b'\x00',b'-',b'\x00',b'\x00',b'\xef'
148.98724126815796,b'\x81',b'\x05',b'\x00',b'\x05',b'\xa7',b'\xa4',b'\xc8',b'\xed',b'\xeb',"b'""'"
149.0912857055664,b'\x85',b'\x05',b'\x00',b'\x05',b'X',b'i',b'W',b'x',b'~',b'I'
149.2782862186432,b'\x81',b'\x02',b'\x00',b'\x01',b'\r',b'='
149.57815980911255,b'\x80',b'\x03',b'\x00',b'\x01',b'\x03',b'3'
149.682865858078,b'\x07',b'\x07',b'\x00',b'\x01',b'\x00',b'\xbb'
149.78673696517944,b'\x80',b'\x04',b'\x00',b'\x02',b'\x00',b'/',b'a'
149.8928792476654,b'\x80',b'\x05',b'\x00',b'\x06',b'\x80',b'\x14',b'\x00',b'*',b'\x00',b'\x00',b'\xf5'
149.99691104888916,b'\x81',b'\x05',b'\x00',b'\x05',b'\xcb',b'\xa9',b'\x83',b'I',b'\x0b',b'\x82'
150.10068941116333,b'\x85',b'\x05',b'\x00',b'\x05',b'e',b'U',b'\xc6',b'\xb7',b'\x9b',b'\r'
150.47817087173462,b'\x80',b'\x02',b'\x00',b'\x01',b'\x01',b'0'
150.58182764053345,b'\x80',b'\x03',b'\x00',b'\x01',b'\x01',b'1'
150.7790286540985,b'\x80',b'\x04',b'\x00',b'\x02',b'\x00',b'/',b'a'
150.88388085365295,b'\x80',b'\x05',b'\x00',b'\x06',b'\x80',b'\x13',b'\x00',b'*',b'\x00',b'\x00',b'\xf4'
150.988046169281,b'\x81',b'\x05',b'\x00',b'\x05',b'\xf9',b'\x16',b'B',b'W',b'`',b'?'
151.09284591674805,b'\x85',b'\x05',b'\x00',b'\x05',b'\xbf',b'\xe5',b'\xd4',b'\xa1',b'\xa9',b'\xfd'
151.27935552597046,b'\x85',b'\x02',b'\x00',b'\x01',b'Y',b'\x8d'
151.5798487663269,b'\x80',b'\x03',b'\x00',b'\x01',b'\x04',b'4'
151.6837284564972,b'\x07',b'\x07',b'\x00',b'\x01',b'\x01',b'\xbc'
151.78766226768494,b'\x80',b'\x04',b'\x00',b'\x02',b'\x00',b'/',b'a'
151.89333081245422,b'\x80',b'\x05',b'\x00',b'\x06',b'\x80',b'\x04',b'\x00',b'.',b'\x00',b'\x00',b'\xe9'
151.99786496162415,b'\x81',b'\x05',b'\x00',b'\x05',b'm',b'v',b'r',b'r',b'\x87',b'\x85'
152.1018991470337,b'\x85',b'\x05',b'\x00',b'\x05',b'x',b'k',b'p',b'[',b'?',b'('
152.27989888191223,b'\x81',b'\x02',b'\x00',b'\x01',b'\r',b'='
152.47959685325623,b'\x80',b'\x02',b'\x00',b'\x01',b'\x02',b'1'
152.58360362052917,b'\x80',b'\x03',b'\x00',b'\x01',b'\x03',b'3'
152.77996850013733,b'\x80',b'\x04',b'\x00',b'\x02',b'\x00',b';',b'm'
152.88467812538147,b'\x80',b'\x05',b'\x00',b'\x06',b'\x80',b'\x13',b'\x00',b'7',b'\x00',b'\x00',b'\x01'
152.98895573616028,b'\x81',b'\x05',b'\x00',b'\x05',b'\x9c',b'\x9d',b'\x9d',b'\xb4',b'\xd4',b'\x95'
153.09392881393433,b'\x85',b'\x05',b'\x00',b'\x05',b'1',b'\xd4',b'*',b'\x17',b'R',b'\xd3'
153.47980117797852,b'\x80',b'\x02',b'\x00',b'\x01',b'\x01',b'0'
153.58445692062378,b'\x80',b'\x03',b'\x00',b'\x01',b'\x01',b'1'
153.7807102203369,b'\x80',b'\x04',b'\x00',b'\x02',b'\x00',b';',b'm'
153.8859624862671,b'\x80',b'\x05',b'\x00',b'\x06',b'\x80',b'\x11',b'\x00',b'8',b'\x00',b'\x00',b'\x00'
153.9889657497406,b'\x81',b'\x05',b'\x00',b'\x05',b'\xd4',b'\xb1',b'\x8b',b'|',b'y',b'<'
154.0929582118988,b'\x85',b'\x05',b'\x00',b'\x05',b']',b'^',b'`',b'G',b'q',b'\x0e'
154.28094339370728,b'\x85',b'\x02',b'\x00',b'\x01',b'Y',b'\x8d'
154.48040866851807,b'\x80',b'\x02',b'\x00',b'\x01',b'\x02',b'1'
154.58475947380066,b'\x80',b'\x03',b'\x00',b'\x01',b'\x04',b'4'
154.78029561042786,b'\x80',b'\x04',b'\x00',b'\x02',b'\x00',b';',b'm'
154.88487696647644,b'\x80',b'\x05',b'\x00',b'\x06',b'\x80',b'\x06',b'\x00',b'.',b'\x00',b'\x00',b'\xeb'
154.9888095855713,b'\x81',b'\x05',b'\x00',b'\x05',b's',b'c',b'I',"b','",b'\x1b',b'\x9d'
155.09379744529724,b'\x85',b'\x05',b'\x00',b'\x05',b'\x85',b'\x8b',b'\x97',b'o',b'r',b'\xc3'
155.2806007862091,b'\x81',b'\x02',b'\x00',b'\x01',b'\r',b'='
155.58059549331665,b'\x80',b'\x03',b'\x00',b'\x01',b'\x01',b'1'
155.6848931312561,b'\x07',b'\x07',b'\x00',b'\x01',b'\x00',b'\xbb'
155.78922510147095,b'\x80',b'\x04',b'\x00',b'\x02',b'\x00',b'/',b'a'
155.89492511749268,b'\x80',b'\x05',b'\x00',b'\x06',b'\x80',b'\x15',b'\x00',b')',b'\x00',b'\x00',b'\xf5'
155.9989902973175,b'\x81',b'\x05',b'\x00',b'\x05',b'$',b'=',b'Q',b'_',b'r',b'\xba'
156.10288429260254,b'\x85',b'\x05',b'\x00',b'\x05',b'\x84',b'g',b'\x92',b'\xd3',b'\xd1',b'\\'
156.48165082931519,b'\x80',b'\x02',b'\x00',b'\x01',b'\x01',b'0'
156.5844807624817,b'\x80',b'\x03',b'\x00',b'\x01',b'\x01',b'1'
156.78202414512634,b'\x80',b'\x04',b'\x00',b'\x02',b'\x00',b'/',b'a'
156.8856704235077,b'\x80',b'\x05',b'\x00',b'\x06',b'\x80',"b""'""",b'\x00',b'\x18',b'\x00',b'\x00',b'\xf6'
156.9907579421997,b'\x81',b'\x05',b'\x00',b'\x05',b'\x90',b'\xa1',b'\x98',b'\x85',b'\x83',b'\x08'
157.09402561187744,b'\x85',b'\x05',b'\x00',b'\x05',b'\xbf',b'\xd9',b'\xd8',b'\x93',b'n',b'\xac'
157.28107166290283,b'\x85',b'\x02',b'\x00',b'\x01',b'Y',b'\x8d'
157.48205041885376,b'\x80',b'\x02',b'\x00',b'\x01',b'\x02',b'1'
157.58559823036194,b'\x80',b'\x03',b'\x00',b'\x01',b'\x02',b'2'
157.6897566318512,b'\x07',b'\x07',b'\x00',b'\x01',b'\x01',b'\xbc'
157.79496312141418,b'\x80',b'\x04',b'\x00',b'\x02',b'\x00',b'/',b'a'
157.89974451065063,b'\x80',b'\x05',b'\x00',b'\x06',b'\x80',b'\x08',b'\x00',b'.',b'\x00',b'\x00',b'\xed'
158.00394201278687,b'\x81',b'\x05',b'\x00',b'\x05',b'\x86',b'y',b'j',b'{',b'\x98',b'\xb3'
158.10802006721497,b'\x85',b'\x05',b'\x00',b'\x05',b'v',b'g',b'u',b'o',b'\xcc',b'\xc8'
158.28200840950012,b'\x81',b'\x02',b'\x00',b'\x01',b'\r',b'='
158.48200964927673,b'\x80',b'\x02',b'\x00',b'\x01',b'\x01',b'0'
158.58590531349182,b'\x80',b'\x03',b'\x00',b'\x01',b'\x01',b'1'
158.69087958335876,b'\x07',b'\x07',b'\x00',b'\x01',b'\x00',b'\xbb'
158.7944564819336,b'\x80',b'\x04',b'\x00',b'\x02',b'\x00',b'/',b'a'
158.90004229545593,b'\x80',b'\x05',b'\x00',b'\x06',b'\x80',b'\x16',b'\x00',b')',b'\x00',b'\x00',b'\xf6'
159.00502943992615,b'\x81',b'\x05',b'\x00',b'\x05',b'\x8e',b'd',b'e',b'\xa4',b'\xd1',b'\x03'
159.10893058776855,b'\x85',b'\x05',b'\x00',b'\x05',b'D',b'[',b'X',b'U',b'g',b'\xee'
159.5826404094696,b'\x80',b'\x03',b'\x00',b'\x01',b'\x01',b'1'
159.7824456691742,b'\x80',b'\x04',b'\x00',b'\x02',b'\x00',b';',b'm'
159.88787055015564,b'\x80',b'\x05',b'\x00',b'\x06',b'\x80',b'\x13',b'\x00',b'7',b'\x00',b'\x00',b'\x01'
159.9915256500244,b'\x81',b'\x05',b'\x00',b'\x05',b'\xa7',b'[',b'D',b'd',b'~',b'_'
160.09700727462769,b'\x85',b'\x05',b'\x00',b'\x05',b'p',b'n',b'z',b'v',b'Y',b'b'
160.28252124786377,b'\x85',b'\x02',b'\x00',b'\x01',b'Y',b'\x8d'
160.48285007476807,b'\x80',b'\x02',b'\x00',b'\x01',b'\x02',b'1'
160.5867977142334,b'\x80',b'\x03',b'\x00',b'\x01',b'\x06',b'6'
160.78380298614502,b'\x80',b'\x04',b'\x00',b'\x02',b'\x00',b';',b'm'
160.8880717754364,b'\x80',b'\x05',b'\x00',b'\x06',b'\x80',b'\x18',b'\x00',b'5',b'\x00',b'\x00',b'\x04'
160.99249649047852,b'\x81',b'\x05',b'\x00',b'\x05',b'}',b'y',b'z',b'p',b'_',b'v'
161.0964813232422,b'\x85',b'\x05',b'\x00',b'\x05',b'|',b'\x85',b'e',b't',b'\x92',b'\xa7'
161.28376531600952,b'\x81',b'\x02',b'\x00',b'\x01',b'\r',b'='
161.48386192321777,b'\x80',b'\x02',b'\x00',b'\x01',b'\x01',b'0'
161.58732652664185,b'\x80',b'\x03',b'\x00',b'\x01',b'\x01',b'1'
161.78391551971436,b'\x80',b'\x04',b'\x00',b'\x02',b'\x00',b';',b'm'
161.88868117332458,b'\x80',b'\x05',b'\x00',b'\x06',b'\x80',b'!',b'\x00',b'0',b'\x00',b'\x00',b'\x08'
161.9929234981537,b'\x81',b'\x05',b'\x00',b'\x05',b'\\',b'e',b'i',b'k',b'r',b'>'
162.09745073318481,b'\x85',b'\x05',b'\x00',b'\x05',b'\x97',b'\xd7',b'\xea',b'\xc9',b'\xbc',b'\x18'
162.58366465568542,b'\x80',b'\x03',b'\x00',b'\x01',b'\x02',b'2'
162.78417587280273,b'\x80',b'\x04',b'\x00',b'\x02',b'\x00',b';',b'm'
162.8881733417511,b'\x80',b'\x05',b'\x00',b'\x06',b'\x80',b'\x1b',b'\x00',b'4',b'\x00',b'\x00',b'\x06'
162.99385738372803,b'\x81',b'\x05',b'\x00',b'\x05',b'w',b'n',b'g',b'z',b'\x9e',b'\x9b'
163.09771299362183,b'\x85',b'\x05',b'\x00',b'\x05',b'\xd8',b'\xca',b'\x85',b'0',b'g',b'\xf9'
163.28494715690613,b'\x85',b'\x02',b'\x00',b'\x01',b'Y',b'\x8d'
163.48491406440735,b'\x80',b'\x02',b'\x00',b'\x01',b'\x02',b'1'
163.58805632591248,b'\x80',b'\x03',b'\x00',b'\x01',b'\x04',b'4'
163.6922972202301,b'\x07',b'\x07',b'\x00',b'\x01',b'\x01',b'\xbc'
163.79795789718628,b'\x80',b'\x04',b'\x00',b'\x02',b'\x00',b';',b'm'
163.90285682678223,b'\x80',b'\x05',b'\x00',b'\x06',b'\x80',b'\x11',b'\x00',b'8',b'\x00',b'\x00',b'\x00'
164.0069282054901,b'\x81',b'\x05',b'\x00',b'\x05',b'\xac',b'\x9a',b'\x85',b'\x86',b'\x92',b'\x1a'
164.1106674671173,b'\x85',b'\x05',b'\x00',b'\x05',b'\x86',b'y',b'q',b'D',b' ',b'\x0f'
164.28488683700562,b'\x81',b'\x02',b'\x00',b'\x01',b'\r',b'='
164.48473572731018,b'\x80',b'\x02',b'\x00',b'\x01',b'\x01',b'0'
164.58887648582458,b'\x80',b'\x03',b'\x00',b'\x01',b'\x01',b'1'
164.69295811653137,b'\x07',b'\x07',b'\x00',b'\x01',b'\x00',b'\xbb'
164.79737901687622,b'\x80',b'\x04',b'\x00',b'\x02',b'\x00',b';',b'm'
164.9027168750763,b'\x80',b'\x05',b'\x00',b'\x06',b'\x80',b'#',b'\x00',b'/',b'\x00',b'\x00',b'\t'
165.00673031806946,b'\x81',b'\x05',b'\x00',b'\x05',b'\x9b',b'\xab',b'\xcf',b'\xe7',b'\xca',b'\xfd'
165.1112732887268,b'\x85',b'\x05',b'\x00',b'\x05',b'\x1d',b'K',b'O',b'7',b'O',b'x'
165.48494386672974,b'\x80',b'\x02',b'\x00',b'\x01',b'\x02',b'1'
165.5889708995819,b'\x80',b'\x03',b'\x00',b'\x01',b'\x04',b'4'
165.78606152534485,b'\x80',b'\x04',b'\x00',b'\x02',b'\x00',b';',b'm'
165.8908793926239,b'\x80',b'\x05',b'\x00',b'\x06',b'\x80',b'\x18',b'\x00',b'5',b'\x00',b'\x00',b'\x04'
165.99465465545654,b'\x81',b'\x05',b'\x00',b'\x05',b'\x81',b'N',b'Y',b'\x84',b'\x8d',b'p'
166.09908533096313,b'\x85',b'\x05',b'\x00',b'\x05',b'n',b'\x8d',b'l',b'\x87',b'\xa7',b'\xd0'
166.28537940979004,b'\x85',b'\x02',b'\x00',b'\x01',b'Y',b'\x8d'
166.58591389656067,b'\x80',b'\x03',b'\x00',b'\x01',b'\x03',b'3'
166.78529262542725,b'\x80',b'\x04',b'\x00',b'\x02',b'\x00',b'/',b'a'
166.8913013935089,b'\x80',b'\x05',b'\x00',b'\x06',b'\x80',b'\x16',b'\x00',b')',b'\x00',b'\x00',b'\xf6'
166.99463415145874,b'\x81',b'\x05',b'\x00',b'\x05',b'h',b':',"b'""'",b'\x1a',b'\x1e',b'3'
167.09997034072876,b'\x85',b'\x05',b'\x00',b'\x05',b'N',b'\x14',b'\xde',b'\xf6',b'`',b'\xd1'
167.28617978096008,b'\x81',b'\x02',b'\x00',b'\x01',b'\r',b'='
167.58563327789307,b'\x80',b'\x03',b'\x00',b'\x01',b'\t',b'9'
167.78686094284058,b'\x80',b'\x04',b'\x00',b'\x02',b'\x00',b'/',b'a'
167.89143824577332,b'\x80',b'\x05',b'\x00',b'\x06',b'\x80',b'\x14',b'\x00',b'*',b'\x00',b'\x00',b'\xf5'
167.99592280387878,b'\x81',b'\x05',b'\x00',b'\x05',b'F',b'\x97',b'\xdd',b'\xdd',b'\xa6',b't'
168.09989190101624,b'\x85',b'\x05',b'\x00',b'\x05',b'Z',b'\xac',b'v',b'\xe6',b'\x85',"b'""'"
168.58636283874512,b'\x80',b'\x03',b'\x00',b'\x01',b'!',b'Q'
168.78649425506592,b'\x80',b'\x04',b'\x00',b'\x02',b'\x00',b'/',b'a'
168.89208221435547,b'\x80',b'\x05',b'\x00',b'\x06',b'\x80',b'\x16',b'\x00',b')',b'\x00',b'\x00',b'\xf6'
168.99588418006897,b'\x81',b'\x05',b'\x00',b'\x05',b'v',b'j',b'v',b'\x9b',b'\xdd',b'\x05'
169.10077619552612,b'\x85',b'\x05',b'\x00',b'\x05',b'\xee',b'\x9f',b'\x12',b';',b'\xe2',b'\xf7'
169.28698658943176,b'\x85',b'\x02',b'\x00',b'\x01',b'Y',b'\x8d'
169.58631300926208,b'\x80',b'\x03',b'\x00',b'\x01',b'\x02',b'2'
169.78697633743286,b'\x80',b'\x04',b'\x00',b'\x02',b'\x00',b'/',b'a'
169.89197850227356,b'\x80',b'\x05',b'\x00',b'\x06',b'\x80',b'\x0f',b'\x00',"b','",b'\x00',b'\x00',b'\xf2'
169.99587631225586,b'\x81',b'\x05',b'\x00',b'\x05',b'\x14',b'\x08',b'\xc0',b'\x84',b'\x83',b'\x1a'
170.1008129119873,b'\x85',b'\x05',b'\x00',b'\x05',b'\x17',b'\xbb',b'\x0e',b'\xb6',b'}',b'N'
170.28699898719788,b'\x81',b'\x02',b'\x00',b'\x01',b'\x0c',b'<'
170.58786821365356,b'\x80',b'\x03',b'\x00',b'\x01',b'\x01',b'1'
170.7878715991974,b'\x80',b'\x04',b'\x00',b'\x02',b'\x00',b'/',b'a'
170.89185547828674,b'\x80',b'\x05',b'\x00',b'\x06',b'\x80',b'\x16',b'\x00',b')',b'\x00',b'\x00',b'\xf6'
170.9959704875946,b'\x81',b'\x05',b'\x00',b'\x05',b'\x99',b'|',b')',b'\xed',b'\xf8',b'Z'
171.10044527053833,b'\x85',b'\x05',b'\x00',b'\x05',b'L',b'x',b'\x9f',b'`',b'\xc1',b'\xbf'
171.48695874214172,b'\x80',b'\x02',b'\x00',b'\x01',b'\x01',b'0'
171.5913906097412,b'\x80',b'\x03',b'\x00',b'\x01',b'\x01',b'1'
171.78774452209473,b'\x80',b'\x04',b'\x00',b'\x02',b'\x00',b'/',b'a'
171.89203810691833,b'\x80',b'\x05',b'\x00',b'\x06',b'\x80',b'\x1c',b'\x00',b'%',b'\x00',b'\x00',b'\xf8'
171.99616932868958,b'\x81',b'\x05',b'\x00',b'\x05',b'!',b')',b'\x19',b'3',b'\x80',b'M'
172.10114645957947,b'\x85',b'\x05',b'\x00',b'\x05',b'~',b'\xbb',b'\xb0',b'e',b'\x8a',b'\x13'
172.2880265712738,b'\x85',b'\x02',b'\x00',b'\x01',b'Y',b'\x8d'
172.58803057670593,b'\x80',b'\x03',b'\x00',b'\x01',b'\x01',b'1'
172.7878623008728,b'\x80',b'\x04',b'\x00',b'\x02',b'\x00',b'/',b'a'
172.8919072151184,b'\x80',b'\x05',b'\x00',b'\x06',b'\x80',b'\x1e',b'\x00',b'$',b'\x00',b'\x00',b'\xf9'
172.99594068527222,b'\x81',b'\x05',b'\x00',b'\x05',b'\xc7',b'\xe4',b'\xe1',b'\xca',b'\x9e',b'+'
173.10121250152588,b'\x85',b'\x05',b'\x00',b'\x05',b'z',b'j',b'\x7f',b'\x7f',b'~',b'\x9b'
173.2887225151062,b'\x81',b'\x02',b'\x00',b'\x01',b'\x0c',b'<'
173.58836436271667,b'\x80',b'\x03',b'\x00',b'\x01',b'\x01',b'1'
173.78884482383728,b'\x80',b'\x04',b'\x00',b'\x02',b'\x00',b'/',b'a'
173.89373755455017,b'\x80',b'\x05',b'\x00',b'\x06',b'\x80',b'\x15',b'\x00',b')',b'\x00',b'\x00',b'\xf5'
173.99769568443298,b'\x81',b'\x05',b'\x00',b'\x05',b'y',b'y',b'\x93',b'\x9d',b'\x8d',b'\xe6'
174.1019344329834,b'\x85',b'\x05',b'\x00',b'\x05',b's',b'\x91',b'\x80',b'{',b'~',b'\xb8'
